id,userName,score,date,thumbsUp,replyDate,version,text,replyText,url
"390abed0-6558-45dd-b233-272d8a9f9958","james albert","1","2026-05-26T08:34:22.230Z","0",,"1.434.9","worst interface and lagging and no drag drop feature and no account switch feature like gemini",,"https://play.google.com/store/apps/details?id=com.google.android.apps.labs.whisk&reviewId=390abed0-6558-45dd-b233-272d8a9f9958"
"c46f3d44-6a93-49ff-9f22-b363129c21af","Harids Saha","5","2026-05-26T07:54:21.256Z","0",,"1.434.9","not good",,"https://play.google.com/store/apps/details?id=com.google.android.apps.labs.whisk&reviewId=c46f3d44-6a93-49ff-9f22-b363129c21af"
"9afd00fc-2930-4185-a439-0b33ce4f87a1","Anowar Hossein","5","2026-05-26T07:09:18.934Z","0",,"1.434.9","nice",,"https://play.google.com/store/apps/details?id=com.google.android.apps.labs.whisk&reviewId=9afd00fc-2930-4185-a439-0b33ce4f87a1"
"4bd773e6-9d01-4066-b41f-3f009f5fd59d","burtryan salonga","5","2026-05-26T03:25:17.496Z","0",,"1.434.9","Google ...",,"https://play.google.com/store/apps/details?id=com.google.android.apps.labs.whisk&reviewId=4bd773e6-9d01-4066-b41f-3f009f5fd59d"
"a2491cbc-36f4-499e-91a1-628998d1f2a4","Tijn Peeters (DeZeeKees)","1","2026-05-25T22:47:21.543Z","0",,"1.434.9","lags like hell when loading big projects. takes forever to load Images",,"https://play.google.com/store/apps/details?id=com.google.android.apps.labs.whisk&reviewId=a2491cbc-36f4-499e-91a1-628998d1f2a4"
"6dc5d0d6-944f-4e7e-90fa-6d487b22bc3b","Gift Emeka","1","2026-05-25T19:51:50.937Z","0",,"1.434.9","its keeps changing my character to different people, Nigerians couple to white couple. website was better. I don't understand this, its frustrating. I tried different times still the same result.",,"https://play.google.com/store/apps/details?id=com.google.android.apps.labs.whisk&reviewId=6dc5d0d6-944f-4e7e-90fa-6d487b22bc3b"
"b6ef9f6c-2e9c-4309-8dbd-da680d1956e6","Mahedy Hasan","3","2026-05-25T19:33:58.189Z","0",,,"I can't download pictures of videos from the app I need to login on the web to download",,"https://play.google.com/store/apps/details?id=com.google.android.apps.labs.whisk&reviewId=b6ef9f6c-2e9c-4309-8dbd-da680d1956e6"
"5a10555a-5613-473a-954d-400b89654463","liam bobyk","5","2026-05-25T18:16:48.593Z","0",,,"I normally use Google flow on my computer, but this is very awesome now that they have the app. even though it's a beta work in progress. 😉✌️",,"https://play.google.com/store/apps/details?id=com.google.android.apps.labs.whisk&reviewId=5a10555a-5613-473a-954d-400b89654463"
"6d023a2f-a258-475f-9a52-948a4c1fad0f","ajay ajay","5","2026-05-25T17:22:46.227Z","0",,"1.434.9","good",,"https://play.google.com/store/apps/details?id=com.google.android.apps.labs.whisk&reviewId=6d023a2f-a258-475f-9a52-948a4c1fad0f"
"3757dc50-fe1f-43f9-93b0-ccf9e027aaa0","ASFAK YT","5","2026-05-25T16:44:33.775Z","0",,"1.434.9","there are missing many features compare to site but there is a biggest missing feature 1080p upscale download in my perspective",,"https://play.google.com/store/apps/details?id=com.google.android.apps.labs.whisk&reviewId=3757dc50-fe1f-43f9-93b0-ccf9e027aaa0"
"a99ccae0-b6bd-4a1a-a7d4-81ec4d301efc","Rahaman","5","2026-05-25T16:17:07.423Z","0",,"1.434.9","😄",,"https://play.google.com/store/apps/details?id=com.google.android.apps.labs.whisk&reviewId=a99ccae0-b6bd-4a1a-a7d4-81ec4d301efc"
"0bbbd579-a0ae-487e-9d33-19305afaae56","ENᎶ ᎯᎽᎯD ᎯLᎾBᎯIDI","5","2026-05-25T15:49:03.870Z","0",,"1.434.9","excellent..... Is there a word more powerful than this?",,"https://play.google.com/store/apps/details?id=com.google.android.apps.labs.whisk&reviewId=0bbbd579-a0ae-487e-9d33-19305afaae56"
"bdb1dec3-3c8e-43c0-a202-b29d1df2f78a","Pro Gamer","1","2026-05-25T12:48:40.323Z","0",,"1.434.9","this app is literally wrost app , flow web version is best for Quility video it's is very very give me Very bad experience",,"https://play.google.com/store/apps/details?id=com.google.android.apps.labs.whisk&reviewId=bdb1dec3-3c8e-43c0-a202-b29d1df2f78a"
"040b8e97-8cb9-4821-8d99-65e6241655d1","Collins Zombie 1","5","2026-05-25T10:00:38.260Z","0",,"1.434.9","the app is great and stable i only request the download, one should be able to see if the image are downloading or are already downloaded",,"https://play.google.com/store/apps/details?id=com.google.android.apps.labs.whisk&reviewId=040b8e97-8cb9-4821-8d99-65e6241655d1"
"2db93a48-1f8f-4de4-86ef-084a519d6ec3","Con Man","5","2026-05-25T09:58:14.418Z","0",,"1.434.9","Looks cool, feel better.",,"https://play.google.com/store/apps/details?id=com.google.android.apps.labs.whisk&reviewId=2db93a48-1f8f-4de4-86ef-084a519d6ec3"
"bbf49e7a-6299-4827-a209-d78e35070013","Richard Swann","1","2026-05-25T07:45:58.309Z","0",,,"Crashing when I upload an image and try and use that in a prompt",,"https://play.google.com/store/apps/details?id=com.google.android.apps.labs.whisk&reviewId=bbf49e7a-6299-4827-a209-d78e35070013"
"984a0b06-59a0-4168-b20e-135a261e8d73","Mohamed Bakr","5","2026-05-25T06:05:03.214Z","0",,"1.434.9","amazing tool",,"https://play.google.com/store/apps/details?id=com.google.android.apps.labs.whisk&reviewId=984a0b06-59a0-4168-b20e-135a261e8d73"
"d6d079a7-e42b-4305-acb4-97a98263ecbb","Ramachandran Ramachandran","5","2026-05-25T03:13:55.748Z","0",,"1.434.9","super app",,"https://play.google.com/store/apps/details?id=com.google.android.apps.labs.whisk&reviewId=d6d079a7-e42b-4305-acb4-97a98263ecbb"
"853745d2-3cef-4a65-b32f-e1bd04ff5a7f","Latyankira Shoo","2","2026-05-25T03:08:15.740Z","0",,"1.434.9","WHAT HAPPENED TO EXTENDED TOOL ON VEO³ LITE (10Crdts) Bruh. that was Seedance Killer. BRING IT BACK.",,"https://play.google.com/store/apps/details?id=com.google.android.apps.labs.whisk&reviewId=853745d2-3cef-4a65-b32f-e1bd04ff5a7f"
"e829d18f-f259-4782-92b7-2ea0c7b7977c","Chibuike Samuel","2","2026-05-24T18:20:32.512Z","1",,"1.434.9","You people need to improve on the download quality to be the same like the browser base. and many other things missing",,"https://play.google.com/store/apps/details?id=com.google.android.apps.labs.whisk&reviewId=e829d18f-f259-4782-92b7-2ea0c7b7977c"
"44751a58-9a57-436f-9b63-c6dd1f229f23","Daniel Smith","4","2026-05-24T17:29:23.690Z","0",,"1.434.9","A very useful application, a better description yields some truly terrific results. I would ask that it not use the Nano Banana account and generation attempts. In testing this I used them all and could not use Nano Banana for work later that day.",,"https://play.google.com/store/apps/details?id=com.google.android.apps.labs.whisk&reviewId=44751a58-9a57-436f-9b63-c6dd1f229f23"
"8b0c45bf-36af-4277-9f79-92897917c5fd","Abel Hosanna","1","2026-05-24T16:18:04.631Z","1",,"1.434.9","the credit is to low make the credit to be 200",,"https://play.google.com/store/apps/details?id=com.google.android.apps.labs.whisk&reviewId=8b0c45bf-36af-4277-9f79-92897917c5fd"
"1670ceff-bc74-47f5-b923-b889e234be15","Dinesh morandi7878","5","2026-05-24T16:02:37.960Z","0",,"1.434.9","✅✅👍",,"https://play.google.com/store/apps/details?id=com.google.android.apps.labs.whisk&reviewId=1670ceff-bc74-47f5-b923-b889e234be15"
"16e11b2a-b8d0-45ec-a488-25fc36ebd744","NOOBgaming99","4","2026-05-24T14:20:41.536Z","2",,"1.434.9","ok now happy google flow app now show option avatar option",,"https://play.google.com/store/apps/details?id=com.google.android.apps.labs.whisk&reviewId=16e11b2a-b8d0-45ec-a488-25fc36ebd744"
"50af3de2-6835-49fb-a33d-207db5efb9ef","Ai Soedharmo","5","2026-05-24T13:47:59.603Z","0",,"1.434.9","wah asli mantep batt bro, gua udah bikin UGC, before after transformation high speed timelapse, fashion campaign. udah gitu kita bisa bikin custom apps sendiri, menurut gua ini udah overpower.",,"https://play.google.com/store/apps/details?id=com.google.android.apps.labs.whisk&reviewId=50af3de2-6835-49fb-a33d-207db5efb9ef"
"dd2acea6-23bc-4a5b-ba7d-a924a4c46047","Zakia Fatima Maisha","3","2026-05-24T12:58:02.284Z","0",,"1.434.9","This is the best app that I have used. This is great. I like most because it gives daily credit. If it didn't give daily credits I would have deleted this app. but it is well. it generates images and videos smoothly. But sometimes there's a problem in Voiceover.",,"https://play.google.com/store/apps/details?id=com.google.android.apps.labs.whisk&reviewId=dd2acea6-23bc-4a5b-ba7d-a924a4c46047"
"03ebd333-6ca9-47ee-82e3-aa415f095524","Chesco Review","1","2026-05-24T10:44:28.360Z","0",,"1.434.9","after this recent upgrade motion has been changing the existing image visual background,it doesn't maintain the same image structure. bring back the old system",,"https://play.google.com/store/apps/details?id=com.google.android.apps.labs.whisk&reviewId=03ebd333-6ca9-47ee-82e3-aa415f095524"
"26393dd3-6647-4969-acc1-1710f9d24811","Alisha singh","1","2026-05-24T10:35:10.859Z","1",,"1.434.9","bad 😞😔",,"https://play.google.com/store/apps/details?id=com.google.android.apps.labs.whisk&reviewId=26393dd3-6647-4969-acc1-1710f9d24811"
"52dde7b7-20f5-46b9-b68b-549c3521f3dc","Ashish Kaswan","1","2026-05-24T09:51:13.580Z","1",,,"useless",,"https://play.google.com/store/apps/details?id=com.google.android.apps.labs.whisk&reviewId=52dde7b7-20f5-46b9-b68b-549c3521f3dc"
"7f6ff2e4-08ee-4d3e-9559-20f635fb0f74","Manish Verma","1","2026-05-24T07:36:02.141Z","0",,"1.434.9","avtar ka option nhi de rha",,"https://play.google.com/store/apps/details?id=com.google.android.apps.labs.whisk&reviewId=7f6ff2e4-08ee-4d3e-9559-20f635fb0f74"
"7bd27fbd-8992-4b81-9b33-14d203590e73","Rdx Blast","1","2026-05-24T07:35:46.340Z","1",,,"every time video failed to load Even download error wrost app",,"https://play.google.com/store/apps/details?id=com.google.android.apps.labs.whisk&reviewId=7bd27fbd-8992-4b81-9b33-14d203590e73"
"3c1eacc4-9429-42dd-9619-c57482b04e65","Mary Joseph","1","2026-05-24T06:43:17.479Z","1",,,"it doesn't generate all videos the way other app do",,"https://play.google.com/store/apps/details?id=com.google.android.apps.labs.whisk&reviewId=3c1eacc4-9429-42dd-9619-c57482b04e65"
"6036a3d0-42e3-44c2-9cbb-aee97578ae08","Naib Shah","4","2026-05-24T04:19:05.330Z","0",,"1.434.9","No continuous generation (what happens next) as it used to be.",,"https://play.google.com/store/apps/details?id=com.google.android.apps.labs.whisk&reviewId=6036a3d0-42e3-44c2-9cbb-aee97578ae08"
"df1179eb-7773-414e-8a5c-b7db343472d8","NOKZZ NOKZZ","5","2026-05-24T04:18:37.693Z","0",,"1.434.9","best thing , app is best 1 time login. but the problem is that the browser is the best result instead of the app. but this is acceptable because the app is in beta. 3 months from now, the app will be better and will be the same result in the browser.",,"https://play.google.com/store/apps/details?id=com.google.android.apps.labs.whisk&reviewId=df1179eb-7773-414e-8a5c-b7db343472d8"
"e2800465-b5c7-44fc-9170-45da2a559b71","Melvyn Colaco","2","2026-05-24T03:58:35.170Z","0",,"1.434.9","very glitchy. Takes 1 command, refuses the next, eg. make Minions worked, make all minions didn't. on the same image.",,"https://play.google.com/store/apps/details?id=com.google.android.apps.labs.whisk&reviewId=e2800465-b5c7-44fc-9170-45da2a559b71"
"12b3acf5-b943-4bc1-b470-7f6fe5e8583a","Siddharth Jain","5","2026-05-24T03:49:12.966Z","0",,"1.434.9","please create full app like notebook LM and more. App setting is opening on Chrome.",,"https://play.google.com/store/apps/details?id=com.google.android.apps.labs.whisk&reviewId=12b3acf5-b943-4bc1-b470-7f6fe5e8583a"
"1b88e10d-f36a-4ec3-893d-c3fccba1a972","Jyoti Kumari","4","2026-05-24T03:08:31.675Z","0",,"1.434.9","nice",,"https://play.google.com/store/apps/details?id=com.google.android.apps.labs.whisk&reviewId=1b88e10d-f36a-4ec3-893d-c3fccba1a972"
"ae1f9bbf-4797-4971-a81e-e161d3024981","Omkar Ghritlahare","5","2026-05-24T02:06:09.568Z","0",,"1.434.9","very nice application",,"https://play.google.com/store/apps/details?id=com.google.android.apps.labs.whisk&reviewId=ae1f9bbf-4797-4971-a81e-e161d3024981"
"263b062f-e945-4748-97c7-8c66e03ae9c7","Frederick “Freddie” Rodriguez","3","2026-05-24T01:19:47.106Z","1",,"1.434.9","UPDATE: Expanded image ratios are now available. Pros: ​Smooth performance for an early build. Cons / Areas for Improvement: ​No Upscaling on Download: Currently no option to upscale images/media upon export, impacting final quality. ​Trashed Items: The mobile app still shows images and videos placed in the trash via the web version. This clutters the UI and causes inconsistency between platforms.",,"https://play.google.com/store/apps/details?id=com.google.android.apps.labs.whisk&reviewId=263b062f-e945-4748-97c7-8c66e03ae9c7"
"05d427a4-3acf-47a2-9418-d23a6d0d7947","Muhammad Atif","5","2026-05-24T00:52:56.190Z","1",,"1.434.9","Very smooth app and credits refresh on daily bases and you can access free google's new model omni flash 🔥",,"https://play.google.com/store/apps/details?id=com.google.android.apps.labs.whisk&reviewId=05d427a4-3acf-47a2-9418-d23a6d0d7947"
"e0907af3-f469-442b-8d62-f59c4966fed9","SAIM GAMIR","3","2026-05-24T00:32:17.979Z","0",,"1.434.9","অনেক ভালো আমি অনেক উপকৃত হয়েছি 🇧🇩🇧🇩🇧🇩🇧🇩🇧🇩🇧🇩",,"https://play.google.com/store/apps/details?id=com.google.android.apps.labs.whisk&reviewId=e0907af3-f469-442b-8d62-f59c4966fed9"
"d331f38f-8c64-4ed9-ade3-28dd4ef74635","Ashwin Majgaonkar","1","2026-05-24T00:17:44.222Z","0",,"1.434.9","cannot create images or videos as described in the prompt, cannot fix later because same videos are generated. paying almost 20 dollars a month is waste of my money.",,"https://play.google.com/store/apps/details?id=com.google.android.apps.labs.whisk&reviewId=d331f38f-8c64-4ed9-ade3-28dd4ef74635"
"e5b9882c-8dc9-4a5c-a036-9d941c780115","Kevin Barnett","1","2026-05-23T20:25:13.230Z","0",,,"worthless. ai still doesn't know enough about real world physics to create consistent videos.",,"https://play.google.com/store/apps/details?id=com.google.android.apps.labs.whisk&reviewId=e5b9882c-8dc9-4a5c-a036-9d941c780115"
"3561d341-b58f-48b1-9de4-ef2d36a6ede3","P A.L.","4","2026-05-23T19:53:37.700Z","0",,"1.434.9","Great features, but no roaming data UI link enabler like in Google drive",,"https://play.google.com/store/apps/details?id=com.google.android.apps.labs.whisk&reviewId=3561d341-b58f-48b1-9de4-ef2d36a6ede3"
"22d6ed4c-39c8-4569-a586-cab762fdcda0","Jakariya Khan","5","2026-05-23T19:19:18.841Z","1",,"1.434.9","Flow Has Now 100k downloads. So reviewing it before it goes viral . Using It For 5 days & Immediately became a fan of it 💯 . Basically I am using Flow for YouTube videos.",,"https://play.google.com/store/apps/details?id=com.google.android.apps.labs.whisk&reviewId=22d6ed4c-39c8-4569-a586-cab762fdcda0"
"3353162e-4547-4fee-ae74-4d52e8f8a2ed","Titilayo Ajose","2","2026-05-23T19:02:18.330Z","1",,"1.434.9","initially loved the simple interface with buttons bold,easily accessible. The enter button gives room for addition of more words rather than sending the video for generation. This seems like a lot of improvement but unfortunately, no room to extend making it impossible to generate consistent characters. Sometimes it brings up not allowed in your region. And the worst is that it does not follow your prompts. People walk through doors like ghosts, climb chairs to get out of a room. It acts crazy",,"https://play.google.com/store/apps/details?id=com.google.android.apps.labs.whisk&reviewId=3353162e-4547-4fee-ae74-4d52e8f8a2ed"
"6b256b4c-dc41-419c-b746-f3f98cf42831","Ashish Sharda","1","2026-05-23T17:44:39.493Z","0",,"1.434.9","Bad experiment. Creates images but expectations was that it can help create images based on the source image while keeping the people intact.",,"https://play.google.com/store/apps/details?id=com.google.android.apps.labs.whisk&reviewId=6b256b4c-dc41-419c-b746-f3f98cf42831"
"007684d5-97b9-44c8-a9be-bd3db18632c8","Elie Lubembo","5","2026-05-23T16:36:15.356Z","0",,"1.434.9","cool",,"https://play.google.com/store/apps/details?id=com.google.android.apps.labs.whisk&reviewId=007684d5-97b9-44c8-a9be-bd3db18632c8"
"b6de3b7a-3f66-4c4c-bc44-d2bf88df6028","Romesh romesh Geethika","5","2026-05-23T14:12:18.587Z","0",,"1.434.9","like",,"https://play.google.com/store/apps/details?id=com.google.android.apps.labs.whisk&reviewId=b6de3b7a-3f66-4c4c-bc44-d2bf88df6028"
"628a03f4-4d72-4dbb-99ae-2ae61ad44be1","Vladimir Ivanov","2","2026-05-23T12:20:31.541Z","0",,"1.434.9","нельзя отредактировать некорректно сгенерированное видео. изменяет людей, которые должны были быть на видео.",,"https://play.google.com/store/apps/details?id=com.google.android.apps.labs.whisk&reviewId=628a03f4-4d72-4dbb-99ae-2ae61ad44be1"
"2d053b63-1638-49de-a26f-09950b327543","Abiodun Olarewaju Okubanjo","1","2026-05-23T11:28:36.364Z","0",,"1.434.9","I hate this new update, the image to video can't make use of the provided image given to.... instead it will bring out something different from what I wanted",,"https://play.google.com/store/apps/details?id=com.google.android.apps.labs.whisk&reviewId=2d053b63-1638-49de-a26f-09950b327543"
"f2b4c056-38ed-4fe4-a7a6-47864e4a4ce9","Babatunde wasiu Agbolahan","5","2026-05-23T11:10:43.957Z","1",,"1.434.9","this app is trusted and the best but please in Nigeria we can't pay for subscription easily with MasterCard it's always ask for dollars virtual card which is not easy for to get please work on it thanks!!!",,"https://play.google.com/store/apps/details?id=com.google.android.apps.labs.whisk&reviewId=f2b4c056-38ed-4fe4-a7a6-47864e4a4ce9"
"6284dfc8-4f98-4759-b837-0ecd4f0ee336","Gaurav","4","2026-05-23T11:09:31.680Z","0",,,"app kaafi accha hai smooth hai😄, upscale aur resolution select karne ka option bhi add karna isme.👍",,"https://play.google.com/store/apps/details?id=com.google.android.apps.labs.whisk&reviewId=6284dfc8-4f98-4759-b837-0ecd4f0ee336"
"eb0e1b79-358b-4407-96b8-cb6afc7868d5","Mahmoud Maher","5","2026-05-23T11:01:21.660Z","0",,"1.434.9","very good",,"https://play.google.com/store/apps/details?id=com.google.android.apps.labs.whisk&reviewId=eb0e1b79-358b-4407-96b8-cb6afc7868d5"
"3fdacc62-a5ea-4af7-9cbc-81bbbfa980e5","Pawan Chauhan","1","2026-05-23T10:59:36.605Z","0",,"1.434.9","not working",,"https://play.google.com/store/apps/details?id=com.google.android.apps.labs.whisk&reviewId=3fdacc62-a5ea-4af7-9cbc-81bbbfa980e5"
"f33dd2ba-10be-4e37-9d33-6f34c13b214c","luckey verma","1","2026-05-23T10:52:32.886Z","0",,,"time waste",,"https://play.google.com/store/apps/details?id=com.google.android.apps.labs.whisk&reviewId=f33dd2ba-10be-4e37-9d33-6f34c13b214c"
"53cc4816-ee5c-4c49-8cc9-0c12132fd730","Onu Sophia Ezinne","5","2026-05-23T09:13:51.156Z","0",,"1.434.9","👍🙂",,"https://play.google.com/store/apps/details?id=com.google.android.apps.labs.whisk&reviewId=53cc4816-ee5c-4c49-8cc9-0c12132fd730"
"f1af1c78-dc2b-4c2c-8727-30e4e5cda4a7","Isarapuapparao Isarapuapparao","3","2026-05-23T08:48:22.826Z","0",,,"average",,"https://play.google.com/store/apps/details?id=com.google.android.apps.labs.whisk&reviewId=f1af1c78-dc2b-4c2c-8727-30e4e5cda4a7"
"0050d1e3-f9ad-4ea6-a266-7af7a3bc743a","Mr Mahadev","3","2026-05-23T07:52:51.160Z","0",,"1.434.9","there is no option showing to rename an image created",,"https://play.google.com/store/apps/details?id=com.google.android.apps.labs.whisk&reviewId=0050d1e3-f9ad-4ea6-a266-7af7a3bc743a"
"91f3bd5f-6a7f-4c7b-8dc0-8b0d8097e470","Jabarrie Tapscott","4","2026-05-23T07:35:08.949Z","0",,"1.434.9","if only the image generations were completely limitless without needing to pay",,"https://play.google.com/store/apps/details?id=com.google.android.apps.labs.whisk&reviewId=91f3bd5f-6a7f-4c7b-8dc0-8b0d8097e470"
"d1a5fa97-4157-4ba9-9204-a89f18a24062","Nitin Shinde","4","2026-05-23T05:57:41.583Z","0",,"1.434.9","gimini] google app's 🙃 👍🏻",,"https://play.google.com/store/apps/details?id=com.google.android.apps.labs.whisk&reviewId=d1a5fa97-4157-4ba9-9204-a89f18a24062"
"86ae8466-4fa3-4605-8a93-9e144f71582f","Atiqullah Khairkhwa","2","2026-05-23T05:11:13.815Z","0",,"1.434.9","We can't download our generated videos properly on this app and also we can't upload some photos to this.",,"https://play.google.com/store/apps/details?id=com.google.android.apps.labs.whisk&reviewId=86ae8466-4fa3-4605-8a93-9e144f71582f"
"eb5b026b-bc3a-4a11-ba4f-072b70864f92","Vikram Rathore","5","2026-05-23T03:56:29.827Z","0",,"1.434.9","बहुत अच्छा ऐप है ⭐⭐⭐⭐⭐ वीडियो क्वालिटी और क्लैरिटी शानदार है। थोड़ा सा वीडियो एक्सटेंड का ऑप्शन मिलता तो और बेहतर होता।",,"https://play.google.com/store/apps/details?id=com.google.android.apps.labs.whisk&reviewId=eb5b026b-bc3a-4a11-ba4f-072b70864f92"
"96d03e19-3332-429c-be68-17939f20d3f8","Pubudu pathirana","1","2026-05-23T03:39:57.336Z","0",,"1.434.9","Prompt is not supported. It is not the image we upload that is created. The web is also acting crazy. It would be better if the web was the way it was before. It will only waste our credits.😨😨😨😨🤢🤮",,"https://play.google.com/store/apps/details?id=com.google.android.apps.labs.whisk&reviewId=96d03e19-3332-429c-be68-17939f20d3f8"
"d9275077-8306-47aa-8f92-9ffe318cfd4a","Serenity Diaries","1","2026-05-23T02:58:35.689Z","0",,"1.434.9","its getting worst.",,"https://play.google.com/store/apps/details?id=com.google.android.apps.labs.whisk&reviewId=d9275077-8306-47aa-8f92-9ffe318cfd4a"
"02d3fd4d-7aa1-4f9e-93a4-c42f9f07e27e","Hamzamg","5","2026-05-23T01:31:35.874Z","1",,"1.434.9","absolutely grate the only problem is the subscription it's a bit high for india and indian young flim/content creater",,"https://play.google.com/store/apps/details?id=com.google.android.apps.labs.whisk&reviewId=02d3fd4d-7aa1-4f9e-93a4-c42f9f07e27e"
"01296519-697f-4927-8d4a-39559adbe5fa","Obsidian Bird","5","2026-05-22T23:40:53.159Z","1",,"1.434.9","awesome application i love it",,"https://play.google.com/store/apps/details?id=com.google.android.apps.labs.whisk&reviewId=01296519-697f-4927-8d4a-39559adbe5fa"
"205a6104-e551-4eee-82e7-d7e1202df08a","Victor Hagane","1","2026-05-22T23:30:56.245Z","2",,"1.434.9","The safety filters are extremely restrictive. I am trying to create some Cyberpunk style anime characters for a SFW comic I'm writing for myself in order to exercise my English writing. Their outfits aren't very revealing but yet, if a little skin is visible on the legs for example, or the outfit is tight your useless safety filters automatically think the character is underage, a prominent person, A REAL PERSON. HOW AN ANIME CHARACTER CAN BE A REAL PERSON?? All my characters are over 23.",,"https://play.google.com/store/apps/details?id=com.google.android.apps.labs.whisk&reviewId=205a6104-e551-4eee-82e7-d7e1202df08a"
"e2bf90be-42e4-4bad-959a-be44bc863069","Lovely Lyly","1","2026-05-22T22:24:59.100Z","0",,"1.434.9","Google lab version MUCH BETTER THAN THIS",,"https://play.google.com/store/apps/details?id=com.google.android.apps.labs.whisk&reviewId=e2bf90be-42e4-4bad-959a-be44bc863069"
"ecad61b6-c6c5-4ad0-9a5f-b889a3569a74","Arfat Rayeen","1","2026-05-22T21:08:06.330Z","0",,"1.434.9","app was not working",,"https://play.google.com/store/apps/details?id=com.google.android.apps.labs.whisk&reviewId=ecad61b6-c6c5-4ad0-9a5f-b889a3569a74"
"475aeb0c-845a-4f85-87a5-1c29c1bbd1d3","Amar Ahmed","1","2026-05-22T19:26:35.318Z","0",,"1.434.9","When generating videos from images the videos don't appear this always happens after generation",,"https://play.google.com/store/apps/details?id=com.google.android.apps.labs.whisk&reviewId=475aeb0c-845a-4f85-87a5-1c29c1bbd1d3"
"0962b5a3-729f-4bbe-8d6d-fba3b74b19b6","عوض سعيد","5","2026-05-22T17:03:15.191Z","0",,"1.434.9","تطبيق رائع",,"https://play.google.com/store/apps/details?id=com.google.android.apps.labs.whisk&reviewId=0962b5a3-729f-4bbe-8d6d-fba3b74b19b6"
"fe810d87-c7c5-4f7f-9479-448e498f37e7","BHOYA JITEN","5","2026-05-22T14:26:56.877Z","0",,"1.434.9","Incredible",,"https://play.google.com/store/apps/details?id=com.google.android.apps.labs.whisk&reviewId=fe810d87-c7c5-4f7f-9479-448e498f37e7"
"4b8562d7-b3f6-4532-8939-1323d41226bc","Ashim Nath","1","2026-05-22T13:56:09.847Z","0",,"1.434.9","It generate video very well but i can't download it.It show failed to download media. so",,"https://play.google.com/store/apps/details?id=com.google.android.apps.labs.whisk&reviewId=4b8562d7-b3f6-4532-8939-1323d41226bc"
"748d027e-898e-4915-8953-19fceb0f1a93","Lakshmaam","5","2026-05-22T13:55:18.914Z","1",,"1.434.9","now the app is ready to go",,"https://play.google.com/store/apps/details?id=com.google.android.apps.labs.whisk&reviewId=748d027e-898e-4915-8953-19fceb0f1a93"
"9d767818-afa0-4556-a46e-7c5e8cebf135","K R","1","2026-05-22T12:21:36.616Z","0",,,"suck after update. video generator stuck. always ruined the prompt",,"https://play.google.com/store/apps/details?id=com.google.android.apps.labs.whisk&reviewId=9d767818-afa0-4556-a46e-7c5e8cebf135"
"7146db00-6e56-4476-934a-a050d34aa7c1","Alex Villareal","1","2026-05-22T09:57:50.980Z","0",,"1.434.9","worse than grok",,"https://play.google.com/store/apps/details?id=com.google.android.apps.labs.whisk&reviewId=7146db00-6e56-4476-934a-a050d34aa7c1"
"c35691fe-8b29-4771-b404-9e721f9bd6e0","ibad khan","1","2026-05-22T08:26:34.721Z","0",,"1.434.9","Hey This App Is Not Generating Video After The Update It constantly Saying Queued And Not Generating The Video Using Credits And Not Generating.",,"https://play.google.com/store/apps/details?id=com.google.android.apps.labs.whisk&reviewId=c35691fe-8b29-4771-b404-9e721f9bd6e0"
"e84e8bd1-f354-4e47-bffc-ae4dbd0c02b6","abdelrahman magdy","5","2026-05-22T08:19:37.642Z","0",,"1.434.9","يوجد بعض المشاكل في بداية تحريك الفيديو لكن لا بأس",,"https://play.google.com/store/apps/details?id=com.google.android.apps.labs.whisk&reviewId=e84e8bd1-f354-4e47-bffc-ae4dbd0c02b6"
"56f80906-d956-4544-911e-aa3f164471ca","Joy Rup","5","2026-05-22T07:42:50.929Z","1",,"1.434.9","I have been using Google Flow on the browser for a long time, but today, having the app has made my work easier. This application is very good for creating videos and although it is free and not unlimited, it can be done with a little work every day.",,"https://play.google.com/store/apps/details?id=com.google.android.apps.labs.whisk&reviewId=56f80906-d956-4544-911e-aa3f164471ca"
"b812bf8b-98e4-4fe3-a61e-3019c5f14c3e","Irfan Khan","5","2026-05-22T07:31:48.329Z","0",,"1.434.9","very good👍",,"https://play.google.com/store/apps/details?id=com.google.android.apps.labs.whisk&reviewId=b812bf8b-98e4-4fe3-a61e-3019c5f14c3e"
"f7ba7cc0-869e-4488-95e1-ac4b93e51f28","Zawadi Akineza","5","2026-05-22T07:28:25.838Z","0",,,"Great ❤️🔥👏",,"https://play.google.com/store/apps/details?id=com.google.android.apps.labs.whisk&reviewId=f7ba7cc0-869e-4488-95e1-ac4b93e51f28"
"cf5e0c4c-0e77-4228-872f-383d8b6d9d19","sakshi pote","1","2026-05-22T07:18:12.918Z","1",,"1.434.9","this app is not worth a penny. I brought a subscription of 399 thinking I would finally be able to make video using ai. I was so happy, so much. I didn't knew about the credits and all. the app never mentioned it, not even while the payment. and suddenly the credits ended and I couldn't make anything anymore. I lost my 400 for nothing. I am so disappointed and so angry. atleast they should give the subscriber a month free to make however much videos they want. even if they reduce alittle quality",,"https://play.google.com/store/apps/details?id=com.google.android.apps.labs.whisk&reviewId=cf5e0c4c-0e77-4228-872f-383d8b6d9d19"
"efeb13f4-da8e-4bb1-b85e-faeb457d7ec2","Muhammad Danish Khan","1","2026-05-22T07:12:06.240Z","0",,"1.434.9","video load failed unable to play any video.",,"https://play.google.com/store/apps/details?id=com.google.android.apps.labs.whisk&reviewId=efeb13f4-da8e-4bb1-b85e-faeb457d7ec2"
"9d72de59-2792-44fc-90c1-d26f3ceab6bc","Karim Rafat","5","2026-05-22T06:32:30.310Z","0",,"1.434.9","very nice 🙂👍🏼",,"https://play.google.com/store/apps/details?id=com.google.android.apps.labs.whisk&reviewId=9d72de59-2792-44fc-90c1-d26f3ceab6bc"
"4a6b0990-061c-4e00-aa8c-29be3827d866","Paul Jones","1","2026-05-22T04:02:17.775Z","1",,"1.434.9","almost unusable, this app takes forever to load, is cumbersome to use and crashes anytime you try to do anything. needs a lot of work, very disappointing",,"https://play.google.com/store/apps/details?id=com.google.android.apps.labs.whisk&reviewId=4a6b0990-061c-4e00-aa8c-29be3827d866"
"ba91cf2c-3c50-4ab6-b744-ea772361550f","Shubhra Debnath","2","2026-05-22T04:01:51.997Z","0",,"1.434.9","there is no option to upscale the video and download also favourite option is not there maximum time fail to generate media.",,"https://play.google.com/store/apps/details?id=com.google.android.apps.labs.whisk&reviewId=ba91cf2c-3c50-4ab6-b744-ea772361550f"
"4127f47c-dfb8-4851-a43d-93499d63a32d","Brilliane Balcarse","4","2026-05-22T02:43:55.879Z","2",,"1.434.9","Hello Google Flow Team, I would like to report an issue with the image-to-video feature in the beta app. When I upload a picture and generate a video, the final result often changes the original character too much. The face, body, clothes, style, or overall appearance sometimes become completely different from the uploaded image. The main problem is character consistency and image preservation. The generated video should stay closer to the original uploaded photo.",,"https://play.google.com/store/apps/details?id=com.google.android.apps.labs.whisk&reviewId=4127f47c-dfb8-4851-a43d-93499d63a32d"
"b56ec38b-37a0-4cec-9231-eb71914512bc","Nick Fonseca","1","2026-05-22T01:32:32.321Z","1",,"1.434.9","Terrible. Just terrible. You'll burn through your credits, while it spits out slop, ignores every instruction you provide to try and correct the issues, and just hallucinate like 1st generation AI vids.",,"https://play.google.com/store/apps/details?id=com.google.android.apps.labs.whisk&reviewId=b56ec38b-37a0-4cec-9231-eb71914512bc"
"b7794730-a61d-4a2f-85c6-cd3e7d31b629","Clinton Oragwu","2","2026-05-22T01:24:22.521Z","1",,"1.434.9","The app version corrupted my collections in my project, now I can't font them on the web version",,"https://play.google.com/store/apps/details?id=com.google.android.apps.labs.whisk&reviewId=b7794730-a61d-4a2f-85c6-cd3e7d31b629"
"1701c62c-72fe-41a5-be83-a7c6b3b021c7","Mohamed Abbas","5","2026-05-22T00:48:20.122Z","0",,"1.434.9","amazing 😍",,"https://play.google.com/store/apps/details?id=com.google.android.apps.labs.whisk&reviewId=1701c62c-72fe-41a5-be83-a7c6b3b021c7"
"54034685-5274-463f-a1cb-9c98d9279f04","casabie omar","1","2026-05-21T22:22:15.340Z","0",,,"ang pangit ng apps na ito, simple prompt lang hindi pa magaya.. mas ok pa ang website nila kay sa apps na ito😒",,"https://play.google.com/store/apps/details?id=com.google.android.apps.labs.whisk&reviewId=54034685-5274-463f-a1cb-9c98d9279f04"
"19620e52-237b-423c-9421-651263117d5f","ASHA RAM","5","2026-05-21T22:00:57.505Z","0",,"1.434.9","the best",,"https://play.google.com/store/apps/details?id=com.google.android.apps.labs.whisk&reviewId=19620e52-237b-423c-9421-651263117d5f"
"2f1d3c11-7a19-40d2-addb-40111434be3f","Eyad Alghandour","5","2026-05-21T20:09:01.730Z","0",,,"is really good 👍 I love you google ❤️",,"https://play.google.com/store/apps/details?id=com.google.android.apps.labs.whisk&reviewId=2f1d3c11-7a19-40d2-addb-40111434be3f"
"e7ccb914-5b7a-4af3-87e9-c848c82fb9cd","david dany","5","2026-05-21T19:49:11.901Z","0",,"1.434.9","unbelievable 🔥",,"https://play.google.com/store/apps/details?id=com.google.android.apps.labs.whisk&reviewId=e7ccb914-5b7a-4af3-87e9-c848c82fb9cd"
"1357b7e1-4de0-453c-bb32-3ac20e78b3b6","Ben moussa Haitham","5","2026-05-21T19:28:57.214Z","0",,,"Great app",,"https://play.google.com/store/apps/details?id=com.google.android.apps.labs.whisk&reviewId=1357b7e1-4de0-453c-bb32-3ac20e78b3b6"
"d8688a9a-c949-4e5e-8a54-31342f14780c","DEEP MALO","1","2026-05-21T18:56:57.666Z","0",,,"thik thak kam nahi karta",,"https://play.google.com/store/apps/details?id=com.google.android.apps.labs.whisk&reviewId=d8688a9a-c949-4e5e-8a54-31342f14780c"
"0f6770c4-7444-44ec-9049-33f712940cee","Pravin Roy","1","2026-05-21T17:26:13.164Z","1",,"1.434.9","The latest update completely ruined Google Flow AI. Before, it was simple, smooth, and perfect for creators. The “What happen next” feature made long videos seamless and cinematic. Image-to-video was easy and beginner-friendly. Now the UI is confusing, messy, and frustrating. Even downloading often fails. Please properly review this update and bring back the old interface and workflow. The previous version was far better and much more creator-friendly.",,"https://play.google.com/store/apps/details?id=com.google.android.apps.labs.whisk&reviewId=0f6770c4-7444-44ec-9049-33f712940cee"
"2292ea7c-eaca-40c0-9204-0df366ac5f15","Hakeem Khan","1","2026-05-21T17:22:04.861Z","0",,"1.434.9","The UI of this app is messy, hard to use and needs major ergonomic overhaul.",,"https://play.google.com/store/apps/details?id=com.google.android.apps.labs.whisk&reviewId=2292ea7c-eaca-40c0-9204-0df366ac5f15"
"156fe661-44d8-4f64-9504-856d7bcfaedb","Bira Kishore Choudhury","5","2026-05-21T15:57:48.198Z","1",,"1.434.9","By far google is leaving all ai models behind with its Gemini. This one strengthens google's ai tool ecosystem further. Keep growing google.",,"https://play.google.com/store/apps/details?id=com.google.android.apps.labs.whisk&reviewId=156fe661-44d8-4f64-9504-856d7bcfaedb"
"a38474ab-fa00-49d0-a581-654113c6675e","Mohd Obaid Hanfi","1","2026-05-21T14:22:13.638Z","0",,"1.434.9","absolutely disgusting because it is worst in case you are old user",,"https://play.google.com/store/apps/details?id=com.google.android.apps.labs.whisk&reviewId=a38474ab-fa00-49d0-a581-654113c6675e"
"0677a4da-92f6-4b67-9648-83d7ff7a1c28","Santhosh Kumar P","1","2026-05-21T10:45:03.483Z","0",,,"Uninstalled it and downgraded 👎 the Pro subscription plan since the monthly AI 🤖 credits are removed permanently.",,"https://play.google.com/store/apps/details?id=com.google.android.apps.labs.whisk&reviewId=0677a4da-92f6-4b67-9648-83d7ff7a1c28"
"50558365-b7f9-492b-b9a7-86f19e8cdb42","Nadeeshan Liyanage","1","2026-05-21T10:35:36.500Z","1",,"1.434.9","👎 👎👎“The previous version was much better in terms of quality, smoothness, and output accuracy. After the recent updates, the results feel inconsistent and the overall performance seems worse. Compared to before, the current experience is quite disappointing.”👎👎👎👎👎",,"https://play.google.com/store/apps/details?id=com.google.android.apps.labs.whisk&reviewId=50558365-b7f9-492b-b9a7-86f19e8cdb42"
"878c4802-1d6c-4785-9842-e0c31cbf086b","Tony Joseph","1","2026-05-21T10:13:48.527Z","0",,"1.434.9","in website all working fine. but app worst",,"https://play.google.com/store/apps/details?id=com.google.android.apps.labs.whisk&reviewId=878c4802-1d6c-4785-9842-e0c31cbf086b"
"4c0b88a4-17cf-4b10-9538-0b8e2996ea47","Douglas Douglas","5","2026-05-21T09:50:17.890Z","1",,"1.434.9","can I rate it with more stars this app is really beautiful and amazing",,"https://play.google.com/store/apps/details?id=com.google.android.apps.labs.whisk&reviewId=4c0b88a4-17cf-4b10-9538-0b8e2996ea47"
"32b34f92-a106-4dee-b02a-914f07d8115d","Arash Mahmoodi","5","2026-05-21T09:29:23.514Z","1",,"1.434.9","hard to zoom in an image . you have to pinch in horizontally. plz make it easier android phone.",,"https://play.google.com/store/apps/details?id=com.google.android.apps.labs.whisk&reviewId=32b34f92-a106-4dee-b02a-914f07d8115d"
"936ffbf7-7b2f-4660-9530-bb6be4c0ce38","Saba Aamir","5","2026-05-21T09:26:27.171Z","0",,"1.434.9","nice app",,"https://play.google.com/store/apps/details?id=com.google.android.apps.labs.whisk&reviewId=936ffbf7-7b2f-4660-9530-bb6be4c0ce38"
"4980d0ab-3758-402f-bca1-69f1993bf7e6","Ddd Sss","5","2026-05-21T09:18:44.855Z","0",,"1.434.9","nice 👍",,"https://play.google.com/store/apps/details?id=com.google.android.apps.labs.whisk&reviewId=4980d0ab-3758-402f-bca1-69f1993bf7e6"
"230ca4c5-d9f9-4e8c-980a-06c39b23118f","Subodh Ramteke","4","2026-05-21T08:51:17.550Z","0",,"1.434.9","Very good app , i love it",,"https://play.google.com/store/apps/details?id=com.google.android.apps.labs.whisk&reviewId=230ca4c5-d9f9-4e8c-980a-06c39b23118f"
"fb849070-7324-4964-a603-5c3f7ccbc3c9","Potts","1","2026-05-21T08:45:23.322Z","1",,"1.434.9","headache to use, keeps failing generations that FX does perfectly fine, ran out of uses after 3 attempts... don't even bother installing this.",,"https://play.google.com/store/apps/details?id=com.google.android.apps.labs.whisk&reviewId=fb849070-7324-4964-a603-5c3f7ccbc3c9"
"0024e401-85c2-4d05-9b56-73baa29070ee","Amro Ibrahim","1","2026-05-21T08:34:15.540Z","1",,"1.434.9","used to be simple and great. The new design is terrible — confusing, messy, and much harder to use on both the website and app. The old design was far better.",,"https://play.google.com/store/apps/details?id=com.google.android.apps.labs.whisk&reviewId=0024e401-85c2-4d05-9b56-73baa29070ee"
"c0f973a7-358f-4164-a469-111ea1a3cf85","مصطفى صباح","1","2026-05-21T08:28:03.684Z","0",,"1.434.9","first review one Star ⭐",,"https://play.google.com/store/apps/details?id=com.google.android.apps.labs.whisk&reviewId=c0f973a7-358f-4164-a469-111ea1a3cf85"
"e255d098-4849-44e7-839a-f2b2f7701eff","sardar Ji","4","2026-05-21T08:24:12.168Z","0",,"1.434.9","Best but download problem",,"https://play.google.com/store/apps/details?id=com.google.android.apps.labs.whisk&reviewId=e255d098-4849-44e7-839a-f2b2f7701eff"
"11bacde5-ef30-4775-adc9-59a72fb9474e","Sanjeev steven Silveri","4","2026-05-21T07:08:44.970Z","0",,"1.434.9","hey there ijust installed this app to use it but it just says it's not available in your area please do check out our area for its support a lots of users are present here",,"https://play.google.com/store/apps/details?id=com.google.android.apps.labs.whisk&reviewId=11bacde5-ef30-4775-adc9-59a72fb9474e"
"2df1d6c3-8a02-425f-8998-3f168f5404be","Teach Master short","4","2026-05-21T06:28:12.966Z","0",,,"best app",,"https://play.google.com/store/apps/details?id=com.google.android.apps.labs.whisk&reviewId=2df1d6c3-8a02-425f-8998-3f168f5404be"
"f4e800f1-f125-43d7-9e52-b812e0609188","Sk Emam Talukder","5","2026-05-21T05:29:00.812Z","0",,"1.434.9","very hot apps",,"https://play.google.com/store/apps/details?id=com.google.android.apps.labs.whisk&reviewId=f4e800f1-f125-43d7-9e52-b812e0609188"
"3de9eb7e-bdf1-4584-9d73-0bc270901daf","Vanesa Rossi","5","2026-05-21T05:23:28.401Z","0",,"1.434.9","primera reseña! el sistema funciona genial.",,"https://play.google.com/store/apps/details?id=com.google.android.apps.labs.whisk&reviewId=3de9eb7e-bdf1-4584-9d73-0bc270901daf"
"dd25cf08-1f7f-40c3-99c2-43e1e779ca5f","Bindersh Kumar","5","2026-05-21T04:34:15.379Z","0",,,"Bad update old update is best",,"https://play.google.com/store/apps/details?id=com.google.android.apps.labs.whisk&reviewId=dd25cf08-1f7f-40c3-99c2-43e1e779ca5f"
"7a397cfa-21db-47df-8239-84eac964abc1","Reply This","1","2026-05-21T02:27:57.966Z","0",,,"This app is useless. The image quality is poor. And it can't generate videos properly.""",,"https://play.google.com/store/apps/details?id=com.google.android.apps.labs.whisk&reviewId=7a397cfa-21db-47df-8239-84eac964abc1"
"ccfa8674-10a4-4fcb-912b-f06a7e30e2d0","Fahrurrozi Firdaus","3","2026-05-21T00:52:20.422Z","0",,"1.434.9","ampas generate video kaga bisa",,"https://play.google.com/store/apps/details?id=com.google.android.apps.labs.whisk&reviewId=ccfa8674-10a4-4fcb-912b-f06a7e30e2d0"
"1925e998-a284-4939-a166-5b310c621a37","Ifunanya Acholonu-Okoroafor","2","2026-05-20T22:32:05.627Z","2",,"1.434.9","I was waiting for this app, but so far, the rendering is poor. It doesn’t understand prompts, and generates videos completely different from the image. You finally included an 'Animate' feature. But you removed the Extend feature, a very key feature which helps to seemlessly blend clips together. Kindly replace it. Also, please add and activate the other features like Remove and Insert, which were not working in the Flow page.",,"https://play.google.com/store/apps/details?id=com.google.android.apps.labs.whisk&reviewId=1925e998-a284-4939-a166-5b310c621a37"
"8de9be96-cf51-4702-b70b-cf1b979817b3","Sony Sidhu","4","2026-05-20T20:10:14.319Z","0",,"1.434.9","carry on google",,"https://play.google.com/store/apps/details?id=com.google.android.apps.labs.whisk&reviewId=8de9be96-cf51-4702-b70b-cf1b979817b3"
"206fcf6a-ce26-4486-8028-7e1147b50dae","nameFirst nameLast","1","2026-05-20T19:22:23.946Z","0",,,"why show in the Play Store if not available in my region",,"https://play.google.com/store/apps/details?id=com.google.android.apps.labs.whisk&reviewId=206fcf6a-ce26-4486-8028-7e1147b50dae"
"4a2d76d6-2e46-4898-b483-aa45b220e610","Tiger Lin","2","2026-05-20T18:59:38.567Z","1",,,"Google Flow currently only supports a 1K photo generator, which feels far less practical than working on a desktop. When trying to generate front, back, side, or top-down views from an original image, the system often produces completely unrelated results. I attempted multiple times, but the outputs consistently failed. Since the 5/19/2026 update, the performance has become even worse to the point that the feature is essentially unusable.",,"https://play.google.com/store/apps/details?id=com.google.android.apps.labs.whisk&reviewId=4a2d76d6-2e46-4898-b483-aa45b220e610"
"bcfa266c-1439-4a80-9062-6a8688ca56df","ITX FAISAL YT","5","2026-05-20T18:52:17.253Z","1",,"1.434.9","Best For Content creator's",,"https://play.google.com/store/apps/details?id=com.google.android.apps.labs.whisk&reviewId=bcfa266c-1439-4a80-9062-6a8688ca56df"
"d0d40b2d-250d-49a4-afff-2dfacfc1e803","Brodie Stevens","5","2026-05-20T18:23:12.846Z","2",,"1.434.9","The Flow Beta is a fun way to create AI images and create videos.",,"https://play.google.com/store/apps/details?id=com.google.android.apps.labs.whisk&reviewId=d0d40b2d-250d-49a4-afff-2dfacfc1e803"
"b63cb263-07f5-4448-a70d-a3e8ef732ff5","Luqman ATISH","5","2026-05-20T17:56:33.302Z","2",,,"Thrilled to be one of the very first to review the official Google Flow AI app! We have been eagerly waiting for this mobile launch. It’s a total game-changer for productivity and creative workflows on the go. A massive thank you and a warm welcome to the Google team for delivering exactly what we needed!"" Luqman Atish From Pakistan",,"https://play.google.com/store/apps/details?id=com.google.android.apps.labs.whisk&reviewId=b63cb263-07f5-4448-a70d-a3e8ef732ff5"
"5e338209-4e76-4d0c-8990-7f38f1a8a937","Sayvon Rogers","3","2026-05-20T17:56:23.368Z","1",,"1.434.9","Y'all could have left this on the google website, half of the images that I get is blurry.And really don't generate everything that you actually asking for most times it's a lot of violations where you just try to generate something simple",,"https://play.google.com/store/apps/details?id=com.google.android.apps.labs.whisk&reviewId=5e338209-4e76-4d0c-8990-7f38f1a8a937"
"02f621f4-7b83-441d-ac99-2e4432325f32","NJ NODI","5","2026-05-20T17:50:31.752Z","0",,"1.434.9","nice apps thank you sir",,"https://play.google.com/store/apps/details?id=com.google.android.apps.labs.whisk&reviewId=02f621f4-7b83-441d-ac99-2e4432325f32"
"2094c5c9-cb43-4eed-a329-bdca4898f1b0","nikunja roy","1","2026-05-20T17:32:36.639Z","0",,"1.434.9","because it was not available in India what it was not right right",,"https://play.google.com/store/apps/details?id=com.google.android.apps.labs.whisk&reviewId=2094c5c9-cb43-4eed-a329-bdca4898f1b0"
"808caa7c-4369-427e-97c7-3565384c5fdc","Noor Md","3","2026-05-20T17:30:16.693Z","0",,"1.434.9","Unable to download showing unable to download",,"https://play.google.com/store/apps/details?id=com.google.android.apps.labs.whisk&reviewId=808caa7c-4369-427e-97c7-3565384c5fdc"
"f370cd23-5b71-408d-a148-52ad2fa711d3","Anshu Kumari","1","2026-05-20T17:01:37.723Z","2",,"1.434.9","2 days before the google flow web is going very very well but now it is not making proper video like it change vides background , not animate properly , it also chnage the theam of video ..... not going good.",,"https://play.google.com/store/apps/details?id=com.google.android.apps.labs.whisk&reviewId=f370cd23-5b71-408d-a148-52ad2fa711d3"
"88b4a179-80bf-45af-9bb1-24cb6a14360a","Aakash Duba","5","2026-05-20T16:21:47.963Z","0",,,"best app from our Google",,"https://play.google.com/store/apps/details?id=com.google.android.apps.labs.whisk&reviewId=88b4a179-80bf-45af-9bb1-24cb6a14360a"
"aa313e1b-f2ed-4694-9efb-aea055bb0369","Puppy Ai12","5","2026-05-20T15:48:12.349Z","0",,,"Nice Flow 3.5 working 🥰",,"https://play.google.com/store/apps/details?id=com.google.android.apps.labs.whisk&reviewId=aa313e1b-f2ed-4694-9efb-aea055bb0369"
"d64721f0-287b-4421-a535-9df1de4d8513","OTHMAN T","5","2026-05-20T15:41:26.768Z","0",,"1.434.9","Very good experience!",,"https://play.google.com/store/apps/details?id=com.google.android.apps.labs.whisk&reviewId=d64721f0-287b-4421-a535-9df1de4d8513"
"969dded6-4683-4ad8-84ae-7b584179c749","VIJAY “ᎳᎪᏒᏒᎥᎾᏒ”","5","2026-05-20T14:50:25.411Z","0",,"1.434.9","I am the first user and downloader of this app. 🫪",,"https://play.google.com/store/apps/details?id=com.google.android.apps.labs.whisk&reviewId=969dded6-4683-4ad8-84ae-7b584179c749"
"629e9ad6-eefc-44cd-9da9-629ffb53294b","Lazarus David","3","2026-05-20T14:43:57.360Z","1",,"1.434.9","I actually used it to edit my friend's birthday photo yesterday. Reaching today, the app keeps crashing after uploading the documents I'll use, and @(ing) them for clarity so it'll create the flier i want. Also I noticed it stated 'flow isn't available in my region yet'. I had to log out and in again before it started working. I just started Ai contents creating, I'm Nigerian 🇳🇬 ,subbed for gemini pro and that's the same subscription I'm using on flow.",,"https://play.google.com/store/apps/details?id=com.google.android.apps.labs.whisk&reviewId=629e9ad6-eefc-44cd-9da9-629ffb53294b"
"c9576fbe-21f7-46f0-9a7a-e2b578e9db90","Sujit Kumar","1","2026-05-20T14:19:31.410Z","0",,,"This is very slow to working compair to other ai apps 😮‍💨",,"https://play.google.com/store/apps/details?id=com.google.android.apps.labs.whisk&reviewId=c9576fbe-21f7-46f0-9a7a-e2b578e9db90"
"6f26333b-afdf-420d-908c-a502b87a804d","Mary Grace Hije","1","2026-05-20T14:16:01.162Z","1",,,"Is not good. the character is not consistent, once i input in the image to Video, it was different. Waste my time",,"https://play.google.com/store/apps/details?id=com.google.android.apps.labs.whisk&reviewId=6f26333b-afdf-420d-908c-a502b87a804d"
"411b5a77-5d75-4e57-8422-42a0b1067bbb","Ayush yaduvanshi","1","2026-05-20T13:26:42.568Z","0",,,"good app..",,"https://play.google.com/store/apps/details?id=com.google.android.apps.labs.whisk&reviewId=411b5a77-5d75-4e57-8422-42a0b1067bbb"
"3a9efc8f-b6f0-40b8-8e54-898f75c795fa","Ai Intelligence","5","2026-05-20T13:24:22.696Z","1",,"1.434.9","Google Flow Beta is an amazing AI creative app with a clean and user-friendly interface. The AI generates impressive visuals and cinematic content quickly and accurately from simple prompts. It is fast, smooth, and very useful for creators, designers, and content makers. Although there are a few minor bugs because it is still in beta, the overall experience is excellent. Google has huge potential with this app, and future updates could make it one of the best AI creative tools available.",,"https://play.google.com/store/apps/details?id=com.google.android.apps.labs.whisk&reviewId=3a9efc8f-b6f0-40b8-8e54-898f75c795fa"
"8a533f41-9fe1-4f97-8916-da3c536adc20","Willie Clark","3","2026-05-20T12:05:07.863Z","0",,,"Great app, but woeful selection of image ratios",,"https://play.google.com/store/apps/details?id=com.google.android.apps.labs.whisk&reviewId=8a533f41-9fe1-4f97-8916-da3c536adc20"
"308f4e38-897e-44ca-b713-8f3ab1006f01","Aship Tamang","4","2026-05-20T11:31:59.391Z","0",,"1.434.9","the app is good but there is a problem, I don't find video extend option if you solve this the app will be best",,"https://play.google.com/store/apps/details?id=com.google.android.apps.labs.whisk&reviewId=308f4e38-897e-44ca-b713-8f3ab1006f01"
"8e5ca9c6-4f16-477f-8a54-fe55749de16b","Kch 11","4","2026-05-20T11:24:15.106Z","1",,"1.434.9","please add a video and image upscaling option.",,"https://play.google.com/store/apps/details?id=com.google.android.apps.labs.whisk&reviewId=8e5ca9c6-4f16-477f-8a54-fe55749de16b"
"aa55143c-7a8c-4cc1-bf76-d5833ca51ef0","Rajkumar Sisodiya","5","2026-05-20T11:11:57.600Z","1",,"1.434.9","please solve the problem Solve this problem, no image or video is downloading and the video is not playing even after generation.",,"https://play.google.com/store/apps/details?id=com.google.android.apps.labs.whisk&reviewId=aa55143c-7a8c-4cc1-bf76-d5833ca51ef0"
"7c5f54e3-18bb-42c9-b229-1f01f5c76ade","Sa KyawMinTun","5","2026-05-20T10:58:46.308Z","0",,"1.434.9","good",,"https://play.google.com/store/apps/details?id=com.google.android.apps.labs.whisk&reviewId=7c5f54e3-18bb-42c9-b229-1f01f5c76ade"
"c5c92a3e-963a-45a0-bc8c-9a69917ae1bd","Sunrise Pohtam","5","2026-05-20T10:53:23.943Z","2",,"1.434.9","Good. Must try this newest useful app from Google",,"https://play.google.com/store/apps/details?id=com.google.android.apps.labs.whisk&reviewId=c5c92a3e-963a-45a0-bc8c-9a69917ae1bd"
"28a1600b-105d-461f-be26-c21b04306685","shoaib ansari","4","2026-05-20T10:40:59.201Z","2",,"1.434.9","Promising tool, but needs refinement ""Google Flow has a lot of potential for streamlining workflows, and I appreciate the clean interface. The integration capabilities are quite smooth, which makes it easy to set up basic tasks. However, I’ve noticed some latency issues during complex operations, and it can be a bit overwhelming for new users to navigate the advanced settings. It’s a good start, but I’m looking forward to more stability and perhaps some more intuitive tutorials in the upcoming!",,"https://play.google.com/store/apps/details?id=com.google.android.apps.labs.whisk&reviewId=28a1600b-105d-461f-be26-c21b04306685"
"e8f3d3e0-37ea-4389-b39b-2db1481236a7","Ryan George","5","2026-05-20T10:28:14.498Z","1",,"1.434.9","It created really good ai videos",,"https://play.google.com/store/apps/details?id=com.google.android.apps.labs.whisk&reviewId=e8f3d3e0-37ea-4389-b39b-2db1481236a7"
"e70ce124-8ea7-461f-b58e-f1117ada29cf","Fahim Uk","5","2026-05-20T10:21:27.465Z","0",,,"flow is the best app for generating videos",,"https://play.google.com/store/apps/details?id=com.google.android.apps.labs.whisk&reviewId=e70ce124-8ea7-461f-b58e-f1117ada29cf"
"865d1a38-51aa-4ce1-bdb2-d4ad5d813922","Vani Hegde","5","2026-05-20T10:10:24.624Z","1",,"1.434.9","helpful and useful",,"https://play.google.com/store/apps/details?id=com.google.android.apps.labs.whisk&reviewId=865d1a38-51aa-4ce1-bdb2-d4ad5d813922"
"19b514fa-49af-46cd-9f58-34ec7edaf187","SHAKIL AHMED","5","2026-05-20T09:49:22.133Z","0",,,"good performance",,"https://play.google.com/store/apps/details?id=com.google.android.apps.labs.whisk&reviewId=19b514fa-49af-46cd-9f58-34ec7edaf187"
"4558aeb9-2b47-4645-94fe-e7a8ddbb3cad","Vaghani Krushnam","2","2026-05-20T09:32:08.908Z","0",,,"the result are well but it's too much time taking and u have upload every single picture u want to edit it looks so boring and time taking",,"https://play.google.com/store/apps/details?id=com.google.android.apps.labs.whisk&reviewId=4558aeb9-2b47-4645-94fe-e7a8ddbb3cad"
"8855ddbe-772e-40ac-bdee-8919d0c15f19","Rab Nawaz","1","2026-05-20T09:20:33.702Z","3",,"1.434.9","The picture we upload to make a video does not turn into a video. Instead, it creates a video using some other picture that we never even attached.",,"https://play.google.com/store/apps/details?id=com.google.android.apps.labs.whisk&reviewId=8855ddbe-772e-40ac-bdee-8919d0c15f19"
"81483991-c2ba-4093-a6c4-0f59e4a97d1b","Carlos Sanchez","5","2026-05-20T09:19:32.517Z","1",,"1.434.9","This is awesome I put a pretty detailed prompt for a video and wow I was very impressed",,"https://play.google.com/store/apps/details?id=com.google.android.apps.labs.whisk&reviewId=81483991-c2ba-4093-a6c4-0f59e4a97d1b"
"50551e56-36cd-47e3-b10b-8267df20bcc5","Ahmad Malik","5","2026-05-20T08:45:47.631Z","2",,"1.434.9","This app is truly amazing, but I request Google to please keep this app free for images. Think about the poor public too, who might achieve something in their lives because of you and pray for you. Keep this app free for images, please don't make it Paid for images. Love You Google.",,"https://play.google.com/store/apps/details?id=com.google.android.apps.labs.whisk&reviewId=50551e56-36cd-47e3-b10b-8267df20bcc5"
"58273194-0a65-4e84-a86b-166c54e29cc6","Kian Chester Don","4","2026-05-20T08:43:11.444Z","0",,"1.434.9","Can't download the photos it says Failed to download this media",,"https://play.google.com/store/apps/details?id=com.google.android.apps.labs.whisk&reviewId=58273194-0a65-4e84-a86b-166c54e29cc6"
"a59e3c19-fc6e-4c14-8699-c73e3a1c793d","Rahul Kishore","5","2026-05-20T08:35:05.586Z","1",,"1.434.9","cool i tried it before you need to try this to create a video",,"https://play.google.com/store/apps/details?id=com.google.android.apps.labs.whisk&reviewId=a59e3c19-fc6e-4c14-8699-c73e3a1c793d"
"147bc933-6217-4559-8b7f-9993af81a466","Jay Majumdar","5","2026-05-20T08:27:22.404Z","1",,"1.434.9","please fix the download problem.",,"https://play.google.com/store/apps/details?id=com.google.android.apps.labs.whisk&reviewId=147bc933-6217-4559-8b7f-9993af81a466"
"4d517a02-dd8d-4140-a7fe-995a91a6342b","Subhash Kumar","5","2026-05-20T08:23:44.668Z","0",,,"good working android",,"https://play.google.com/store/apps/details?id=com.google.android.apps.labs.whisk&reviewId=4d517a02-dd8d-4140-a7fe-995a91a6342b"
"613f4526-199f-447b-86f4-e40865241742","nwoye stanley","5","2026-05-20T07:37:12.406Z","0",,"1.434.9","good",,"https://play.google.com/store/apps/details?id=com.google.android.apps.labs.whisk&reviewId=613f4526-199f-447b-86f4-e40865241742"
"3a5094ef-0e3f-4b7b-8c82-069eb57e8321","Serendipity 007","1","2026-05-20T07:36:50.713Z","0",,"1.434.9","even it's accurate prompt it still changes everything from the models face to its clothes and some things",,"https://play.google.com/store/apps/details?id=com.google.android.apps.labs.whisk&reviewId=3a5094ef-0e3f-4b7b-8c82-069eb57e8321"
"b1816ac7-49ed-4c3a-827d-e057b329beab","Ashish Kumar","1","2026-05-20T06:54:40.580Z","0",,"1.434.9","Video quality low",,"https://play.google.com/store/apps/details?id=com.google.android.apps.labs.whisk&reviewId=b1816ac7-49ed-4c3a-827d-e057b329beab"
"3d165570-590f-45de-b7ad-bbc2cdbc4bd4","Manash","5","2026-05-20T06:52:23.393Z","0",,,"very nice 👌",,"https://play.google.com/store/apps/details?id=com.google.android.apps.labs.whisk&reviewId=3d165570-590f-45de-b7ad-bbc2cdbc4bd4"
"553ec04f-3465-43b7-ac2d-bfc57c88b4d6","vijay story","5","2026-05-20T05:54:50.424Z","0",,"1.434.9","AI creators के लिए एक next-level creative app है। इसका smooth interface, powerful AI video generation, cinematic scene creation और fast rendering इसे बाकी AI apps से अलग बनाते हैं। खास बात यह है कि यह beginners और professional creators दोनों के लिए आसान है। Mobile और desktop sync, real-time notifications और advanced editing tools content creation को बेहद आसान बना देते हैं। हालांकि यह अभी Beta version",,"https://play.google.com/store/apps/details?id=com.google.android.apps.labs.whisk&reviewId=553ec04f-3465-43b7-ac2d-bfc57c88b4d6"
"78c00428-90e6-43e6-af1d-bb860ce45ea0","Raja kumar Velayutham","5","2026-05-20T05:32:33.135Z","1",,"1.434.9","good 👍 and fast",,"https://play.google.com/store/apps/details?id=com.google.android.apps.labs.whisk&reviewId=78c00428-90e6-43e6-af1d-bb860ce45ea0"
"d8c6914a-b600-4053-9e36-fc13978178f5","Rohan Kumar","5","2026-05-20T04:02:49.220Z","3",,"1.434.9","Google Flow Beta is amazing! 🚀 Smooth interface, easy to use, and very helpful features. Great experience so far—excited to see more updates in the future. Keep it up! ⭐⭐⭐⭐⭐",,"https://play.google.com/store/apps/details?id=com.google.android.apps.labs.whisk&reviewId=d8c6914a-b600-4053-9e36-fc13978178f5"
"6f9756cb-b5e5-45d9-a602-df0668623592","Guy Toigo","5","2026-05-20T02:42:07.442Z","1",,"1.434.9","It doesn't get any better than that.",,"https://play.google.com/store/apps/details?id=com.google.android.apps.labs.whisk&reviewId=6f9756cb-b5e5-45d9-a602-df0668623592"
"c9004230-ce32-49e5-87a9-a32fb5c87df0","Prashanth H N","4","2026-05-20T02:37:02.932Z","0",,"1.434.9","There is no ""extend"" option in the app",,"https://play.google.com/store/apps/details?id=com.google.android.apps.labs.whisk&reviewId=c9004230-ce32-49e5-87a9-a32fb5c87df0"
"20645e0a-d91d-42bd-84da-f2b977f2bd2f","Germán Cabezas","5","2026-05-20T02:17:51.231Z","0",,,"Great UI. For now works well.",,"https://play.google.com/store/apps/details?id=com.google.android.apps.labs.whisk&reviewId=20645e0a-d91d-42bd-84da-f2b977f2bd2f"
"02e7ebfe-9e85-417f-ba93-cc17925a5828","Dany Hatory","3","2026-05-20T00:26:12.601Z","1",,"1.434.9","amazing I was wondering when it will get his own app but still it lacks the features that the web page has i hope that improve",,"https://play.google.com/store/apps/details?id=com.google.android.apps.labs.whisk&reviewId=02e7ebfe-9e85-417f-ba93-cc17925a5828"
"893f9e4a-2c97-46f4-83db-481b258fc3d8","El Presidente","1","2026-05-20T00:19:49.809Z","2",,"1.434.9","cant extend the first generated video..cant download the video always failed to download media..but browser works fine...",,"https://play.google.com/store/apps/details?id=com.google.android.apps.labs.whisk&reviewId=893f9e4a-2c97-46f4-83db-481b258fc3d8"
"069bea15-abb6-4c6e-aa95-4291b9e7ab2c","Stanley Okoh","5","2026-05-20T00:00:56.698Z","1",,"1.434.9","i have being using this app since day one even the free version of it is very flexible",,"https://play.google.com/store/apps/details?id=com.google.android.apps.labs.whisk&reviewId=069bea15-abb6-4c6e-aa95-4291b9e7ab2c"
"ef77738a-30f9-4845-b945-4a15dc8b711a","Chukwudubem Ukandu","5","2026-05-19T23:24:43.234Z","1",,"1.434.9","Nice update but should consider fixing the expand and fixed download",,"https://play.google.com/store/apps/details?id=com.google.android.apps.labs.whisk&reviewId=ef77738a-30f9-4845-b945-4a15dc8b711a"
"366d3e9b-80bf-4ebf-9918-133f1236a24f","muhamed haitham","5","2026-05-19T23:19:21.864Z","1",,"1.434.9","good job , incredible details in video generator",,"https://play.google.com/store/apps/details?id=com.google.android.apps.labs.whisk&reviewId=366d3e9b-80bf-4ebf-9918-133f1236a24f"
"e5be3fb3-8547-45be-9a77-346c38965fb6","N A","1","2026-05-19T22:20:22.879Z","2",,"1.434.9","This app is not generating video from the picture.",,"https://play.google.com/store/apps/details?id=com.google.android.apps.labs.whisk&reviewId=e5be3fb3-8547-45be-9a77-346c38965fb6"
"bb682ee7-4728-446a-b98c-32863bc1e153","Ram Arriola","5","2026-05-19T22:09:16.900Z","0",,"1.434.9","great app!",,"https://play.google.com/store/apps/details?id=com.google.android.apps.labs.whisk&reviewId=bb682ee7-4728-446a-b98c-32863bc1e153"
"2fdcd83d-8be6-4571-a2b2-e36a548de72a","Faisal Ahmed","1","2026-05-19T21:57:37.189Z","1",,"1.434.9","where is video making option?",,"https://play.google.com/store/apps/details?id=com.google.android.apps.labs.whisk&reviewId=2fdcd83d-8be6-4571-a2b2-e36a548de72a"
"995e307b-a997-4a7d-98e4-cf20f390c2f3","Rashidi Patient","5","2026-05-19T21:40:03.318Z","0",,,"one of the best app to generate images😱🙏❤️, but please remove watermark from your videos please (and I'm first to comment 😃🥹)",,"https://play.google.com/store/apps/details?id=com.google.android.apps.labs.whisk&reviewId=995e307b-a997-4a7d-98e4-cf20f390c2f3"
"b0fddf88-1ed3-44f5-bbd3-199129f9f5ac","Jahanoor Haider","1","2026-05-19T20:53:19.582Z","2",,"1.434.9","too slow to loade. previous version was best",,"https://play.google.com/store/apps/details?id=com.google.android.apps.labs.whisk&reviewId=b0fddf88-1ed3-44f5-bbd3-199129f9f5ac"
"62287050-b658-4b9c-ba80-6960faf3b5ab","Michelle Thompson","2","2026-05-19T20:49:36.714Z","1",,,"I can't open my flow ai through Google again why?? what should I do?",,"https://play.google.com/store/apps/details?id=com.google.android.apps.labs.whisk&reviewId=62287050-b658-4b9c-ba80-6960faf3b5ab"
"32762c00-a8b6-4633-ba73-cf10e8b99806","Mich Castillo","4","2026-05-19T20:48:37.864Z","1",,"1.434.9","Yesterday, the app was incredible. today, I have a lot of crashes, errors, and an incomplete interface 🥺",,"https://play.google.com/store/apps/details?id=com.google.android.apps.labs.whisk&reviewId=32762c00-a8b6-4633-ba73-cf10e8b99806"
"a564c34f-77ec-42db-95c5-5ac2a8dd3218","Rahul Tiwari","5","2026-05-19T20:11:16.453Z","0",,"1.434.9","10/10 ⭐🌟🌟🌟🌟🌟🌟🌟🌟🌟 Awesome App",,"https://play.google.com/store/apps/details?id=com.google.android.apps.labs.whisk&reviewId=a564c34f-77ec-42db-95c5-5ac2a8dd3218"
"ddc8139b-50e8-4738-a8a8-a389d01063a4","Ahtasham Iqbal","5","2026-05-19T19:34:46.344Z","0",,"1.434.9","Good",,"https://play.google.com/store/apps/details?id=com.google.android.apps.labs.whisk&reviewId=ddc8139b-50e8-4738-a8a8-a389d01063a4"
"c471a185-5a20-4edd-8a9b-a5de7638fdc0","Sayan Maity","3","2026-05-19T19:01:00.733Z","0",,"1.434.9","There should be a button to download 2k or 1k resolution image",,"https://play.google.com/store/apps/details?id=com.google.android.apps.labs.whisk&reviewId=c471a185-5a20-4edd-8a9b-a5de7638fdc0"
"913e41f8-6c24-4570-91cf-dcb3ec30d300","Yousuf islam","5","2026-05-19T18:49:34.572Z","1",,"1.434.9","MashaAllah - i always wait for this app - Finally get 💞 Thanks 💗",,"https://play.google.com/store/apps/details?id=com.google.android.apps.labs.whisk&reviewId=913e41f8-6c24-4570-91cf-dcb3ec30d300"
"0444525a-eb8b-483c-8a9f-1a6e2e2b01f6","Samiul","3","2026-05-19T18:17:34.773Z","1",,"1.434.9","Nice kind of,,but needs more improvement 😉 🇧🇩💪",,"https://play.google.com/store/apps/details?id=com.google.android.apps.labs.whisk&reviewId=0444525a-eb8b-483c-8a9f-1a6e2e2b01f6"
"e796270f-8e5f-4f31-848a-47ba49c30496","Baddy","4","2026-05-19T18:04:08.142Z","0",,"1.434.9","it's will be best and easy to use if this app is available for my country",,"https://play.google.com/store/apps/details?id=com.google.android.apps.labs.whisk&reviewId=e796270f-8e5f-4f31-848a-47ba49c30496"
"fdb46b7b-8599-4358-846b-07edc8e656e7","Louis Portis","4","2026-05-19T17:18:25.812Z","0",,"1.434.9","I can't choose between video models i.e. lite, fast, quality etc.",,"https://play.google.com/store/apps/details?id=com.google.android.apps.labs.whisk&reviewId=fdb46b7b-8599-4358-846b-07edc8e656e7"
"cb77ea65-a26f-4061-871a-647d1f0fa1ba","Cibin Christy","2","2026-05-19T17:08:26.655Z","2",,"1.434.9","the browser version is better at providing output.",,"https://play.google.com/store/apps/details?id=com.google.android.apps.labs.whisk&reviewId=cb77ea65-a26f-4061-871a-647d1f0fa1ba"
"309dab82-c76d-447f-81ea-14d3f36cf918","kayode kurtis victor","4","2026-05-19T16:34:24.809Z","0",,"1.434.9","This is smooth and easy to use than the one on chrome.",,"https://play.google.com/store/apps/details?id=com.google.android.apps.labs.whisk&reviewId=309dab82-c76d-447f-81ea-14d3f36cf918"
"7784f51f-2170-46fd-ada3-f3e0bae1bb51","Chinaza Okechukwu","5","2026-05-19T16:10:16.258Z","1",,"1.434.9","so happy to have flow as an app",,"https://play.google.com/store/apps/details?id=com.google.android.apps.labs.whisk&reviewId=7784f51f-2170-46fd-ada3-f3e0bae1bb51"
"426973db-6603-4a24-8d1e-a4d0066ed8df","Samim Khan","5","2026-05-19T16:09:29.290Z","3",,"1.434.9","my first review Google flow 💗💗. the app a great animation and legendary video or photos generate the reality and best. Google flow is a very beautiful and best AI tools and best animation video and picture created. thank you Google. 💗💗",,"https://play.google.com/store/apps/details?id=com.google.android.apps.labs.whisk&reviewId=426973db-6603-4a24-8d1e-a4d0066ed8df"
"ec4d6536-93f5-4c65-b789-a6a92382d782","July Lyun","1","2026-05-19T14:27:54.847Z","1",,"1.434.9","I can't even sign in using my Google account.",,"https://play.google.com/store/apps/details?id=com.google.android.apps.labs.whisk&reviewId=ec4d6536-93f5-4c65-b789-a6a92382d782"
"eaca1c40-ecc0-4520-a770-7e5118e4c1cb","Prajapati Sulabh","1","2026-05-19T14:25:55.432Z","1",,"1.434.9","is app me whisk ai jaisa same feature add kare jisme subject scene style sabhi option same whisk ai jaisa hi ho",,"https://play.google.com/store/apps/details?id=com.google.android.apps.labs.whisk&reviewId=eaca1c40-ecc0-4520-a770-7e5118e4c1cb"
"ba74850e-4918-48e1-93a8-36e65a179c61","rsxnigtard","3","2026-05-19T14:05:07.324Z","3",,"1.434.9","This is just an outdated version of the web UI. There are no additional aspect ratio options available for image generation. At least it's here, after so long!",,"https://play.google.com/store/apps/details?id=com.google.android.apps.labs.whisk&reviewId=ba74850e-4918-48e1-93a8-36e65a179c61"
"818cd60b-f541-4c39-a5eb-4d71a3c7db14","Mg Master's","5","2026-05-19T13:46:32.770Z","0",,,"Superb experience",,"https://play.google.com/store/apps/details?id=com.google.android.apps.labs.whisk&reviewId=818cd60b-f541-4c39-a5eb-4d71a3c7db14"
"cf0b46a3-2d4b-43b3-9c71-e974b6b3d542","Zeeshan Shaikh","5","2026-05-19T04:45:14.816Z","0",,"1.434.7","this app was insane",,"https://play.google.com/store/apps/details?id=com.google.android.apps.labs.whisk&reviewId=cf0b46a3-2d4b-43b3-9c71-e974b6b3d542"