source_id,feature_id,sentiment
d309f368-cae5-459c-9b01-2c225f71b328,ui_ux_design,1
390abed0-6558-45dd-b233-272d8a9f9958,ui_ux_design,-1
390abed0-6558-45dd-b233-272d8a9f9958,performance_speed,-1
c46f3d44-6a93-49ff-9f22-b363129c21af,_none,0
9afd00fc-2930-4185-a439-0b33ce4f87a1,_none,0
37f15095-b715-4e39-b301-60b1e8abf54b,login_authentication,-1
89cd019d-a5e9-43ee-b412-61a8e5c20c8d,_none,0
4bd773e6-9d01-4066-b41f-3f009f5fd59d,_none,0
4cd61406-5a76-4414-ab93-178a476d525a,credit_system_pricing,0
4cd61406-5a76-4414-ab93-178a476d525a,wants_free_tier,0
c35085af-ec5f-4177-84d9-df9d7250af5e,_none,0
3e09e6fb-825d-44f5-bee7-e82ce9e38fbf,loves_concept_overall,1
a2491cbc-36f4-499e-91a1-628998d1f2a4,performance_speed,-1
a8f943ce-7f81-46b7-bce7-3fee4baa2c4f,credit_system_pricing,0
6dc5d0d6-944f-4e7e-90fa-6d487b22bc3b,character_consistency,-1
6dc5d0d6-944f-4e7e-90fa-6d487b22bc3b,app_vs_web_parity,-1
b6ef9f6c-2e9c-4309-8dbd-da680d1956e6,download_export,-1
b6ef9f6c-2e9c-4309-8dbd-da680d1956e6,app_vs_web_parity,-1
5a10555a-5613-473a-954d-400b89654463,app_vs_web_parity,1
5a10555a-5613-473a-954d-400b89654463,finally_mobile_companion,1
69ff5a52-f84a-4cd4-8609-14808ded5500,app_vs_web_parity,0
69ff5a52-f84a-4cd4-8609-14808ded5500,download_export,-1
69ff5a52-f84a-4cd4-8609-14808ded5500,beta_patience,0
9635289b-e833-4821-8147-a1b9bc673ea6,extend_video_feature,-1
9635289b-e833-4821-8147-a1b9bc673ea6,video_duration_length,-1
c2e99102-47fb-48a7-b914-596794474088,crashes_errors,-1
c2e99102-47fb-48a7-b914-596794474088,content_moderation,-1
6d023a2f-a258-475f-9a52-948a4c1fad0f,_none,0
2b12d5c3-f50b-4de1-97ec-d542dd813649,_none,0
3757dc50-fe1f-43f9-93b0-ccf9e027aaa0,app_vs_web_parity,-1
3757dc50-fe1f-43f9-93b0-ccf9e027aaa0,download_resolution,-1
a99ccae0-b6bd-4a1a-a7d4-81ec4d301efc,_none,0
4bb82a8c-2fea-4a37-96e4-542279d9ea4f,_none,0
0bbbd579-a0ae-487e-9d33-19305afaae56,loves_concept_overall,1
e48a60f4-9b70-42f0-996d-ca1a8babd02a,login_authentication,-1
2cdaad67-31e8-4764-a6bf-c431fc682a33,_none,0
bdb1dec3-3c8e-43c0-a202-b29d1df2f78a,app_vs_web_parity,-1
bdb1dec3-3c8e-43c0-a202-b29d1df2f78a,video_generation_quality,-1
3c849fba-3494-40f4-979f-adfd245823d6,credit_system_pricing,-1
3c849fba-3494-40f4-979f-adfd245823d6,wants_free_tier,0
040b8e97-8cb9-4821-8d99-65e6241655d1,download_export,0
2db93a48-1f8f-4de4-86ef-084a519d6ec3,_none,0
128d5c5d-c775-430c-8080-d0c7e87ab737,loves_concept_overall,1
bbf49e7a-6299-4827-a209-d78e35070013,crashes_errors,-1
9d6f9657-d083-453a-87b6-f0d4dca59eed,credit_system_pricing,-1
9d6f9657-d083-453a-87b6-f0d4dca59eed,wants_free_tier,0
69be9c07-349f-4de9-ba22-ad7c735c117a,_none,0
984a0b06-59a0-4168-b20e-135a261e8d73,loves_concept_overall,1
9501dd96-a21f-4e95-a882-065eb69c4885,dislikes_concept_overall,-1
27988825-813d-4167-b0cf-c96369427443,_none,0
f496effc-abdd-4ba7-8521-5ebc73c3ce2e,_none,0
d6d079a7-e42b-4305-acb4-97a98263ecbb,_none,0
853745d2-3cef-4a65-b32f-e1bd04ff5a7f,extend_video_feature,-1
853745d2-3cef-4a65-b32f-e1bd04ff5a7f,model_selection,-1
853745d2-3cef-4a65-b32f-e1bd04ff5a7f,competes_with_other_ai,0
18c79ae7-1534-42b9-865c-e3a4616c4beb,ingredients_feature,-1
18c79ae7-1534-42b9-865c-e3a4616c4beb,frame_to_frame_feature,-1
33d6bb19-25f5-4cd9-a437-5c9fb937b26e,crashes_errors,-1
55c39271-80eb-41d1-ace8-e9a690f6adf7,loves_concept_overall,1
e829d18f-f259-4782-92b7-2ea0c7b7977c,download_export,-1
e829d18f-f259-4782-92b7-2ea0c7b7977c,download_resolution,-1
e829d18f-f259-4782-92b7-2ea0c7b7977c,app_vs_web_parity,-1
6fb986b4-38dc-4032-b5da-812f87387b4b,loves_concept_overall,1
d4b636cf-83ff-4f3f-b652-191fb042c6c1,credit_system_pricing,-1
61333539-0912-46bd-9320-373b8dc44537,_none,0
5c236256-4d6d-4cdc-9d13-7bcef10afb22,content_moderation,-1
5c236256-4d6d-4cdc-9d13-7bcef10afb22,nostalgia_for_old_version,-1
e75c4734-6a69-43eb-8827-96477cb74bad,_none,0
44751a58-9a57-436f-9b63-c6dd1f229f23,model_selection,-1
44751a58-9a57-436f-9b63-c6dd1f229f23,credit_system_pricing,-1
5f329ab2-845a-401c-b5c3-70981acac950,model_selection,-1
5f329ab2-845a-401c-b5c3-70981acac950,credit_system_pricing,-1
5f329ab2-845a-401c-b5c3-70981acac950,video_generation_quality,-1
5f329ab2-845a-401c-b5c3-70981acac950,competes_with_other_ai,-1
5f329ab2-845a-401c-b5c3-70981acac950,wasted_credits_on_failures,-1
48a863c5-d501-4c3f-8a56-9e082726bd5a,competes_with_other_ai,1
48a863c5-d501-4c3f-8a56-9e082726bd5a,loves_concept_overall,1
d8abaf97-d782-475a-bba3-a7e0cc3cb87e,crashes_errors,-1
d8abaf97-d782-475a-bba3-a7e0cc3cb87e,video_generation_quality,-1
8b0c45bf-36af-4277-9f79-92897917c5fd,credit_system_pricing,-1
8b0c45bf-36af-4277-9f79-92897917c5fd,wants_free_tier,0
1670ceff-bc74-47f5-b923-b889e234be15,_none,0
e90e5f4c-892e-4704-9170-0ca72b39b7e2,loves_concept_overall,1
c0c397c8-7fff-4ae0-81f2-f8cd5d1aff7c,credit_system_pricing,-1
c0c397c8-7fff-4ae0-81f2-f8cd5d1aff7c,crashes_errors,-1
c0c397c8-7fff-4ae0-81f2-f8cd5d1aff7c,wasted_credits_on_failures,-1
78af618f-0bcb-4fb3-b380-f594e16b2714,loves_concept_overall,1
ff47a594-cfbd-4a1f-bf4a-a6a754e0e91d,loves_concept_overall,1
16e11b2a-b8d0-45ec-a488-25fc36ebd744,_none,0
50af3de2-6835-49fb-a33d-207db5efb9ef,for_content_creators,0
e9d3d0ca-3ad5-4e48-bf78-96cf8bf91975,ui_ux_design,1
dd2acea6-23bc-4a5b-ba7d-a924a4c46047,credit_system_pricing,1
dd2acea6-23bc-4a5b-ba7d-a924a4c46047,video_generation_quality,1
dd2acea6-23bc-4a5b-ba7d-a924a4c46047,image_generation_quality,1
dd2acea6-23bc-4a5b-ba7d-a924a4c46047,voice_audio_quality,-1
cc43234c-69be-4c71-ac45-aa11df572843,character_consistency,-1
cc43234c-69be-4c71-ac45-aa11df572843,beta_patience,0
b1270f30-3d61-43d6-b729-ee9c266af94c,app_vs_web_parity,-1
b1270f30-3d61-43d6-b729-ee9c266af94c,video_generation_quality,-1
613f61c4-1230-4010-8f9f-8856ea6be971,_none,0
03ebd333-6ca9-47ee-82e3-aa415f095524,character_consistency,-1
03ebd333-6ca9-47ee-82e3-aa415f095524,nostalgia_for_old_version,-1
26393dd3-6647-4969-acc1-1710f9d24811,_none,0
52dde7b7-20f5-46b9-b68b-549c3521f3dc,dislikes_concept_overall,-1
68c5e896-ffad-4a6d-96c5-60d61ae1866b,_none,0
c4e7267f-a911-4424-b0ca-df0035c215ec,download_resolution,-1
034536ea-ecd2-4de7-8cdd-dd8626cca0c4,loves_concept_overall,1
6e2b81a0-57c9-4c73-beb1-b6fb80b1af06,content_moderation,-1
f08a73c9-522c-40be-a820-3f0eb5255009,ui_ux_design,1
f08a73c9-522c-40be-a820-3f0eb5255009,image_generation_quality,1
7f6ff2e4-08ee-4d3e-9559-20f635fb0f74,_none,0
7bd27fbd-8992-4b81-9b33-14d203590e73,download_export,-1
7bd27fbd-8992-4b81-9b33-14d203590e73,video_generation_quality,-1
7bd27fbd-8992-4b81-9b33-14d203590e73,dislikes_concept_overall,-1
635aaf56-60b7-470c-9d87-9ea81b421cbe,content_moderation,-1
635aaf56-60b7-470c-9d87-9ea81b421cbe,for_content_creators,0
207380aa-f25c-4abf-98f4-3a38b875f8e9,crashes_errors,-1
25cc8945-aed2-462e-b5ea-ae4dd265a725,crashes_errors,-1
c9296882-384d-412c-8e58-957195cc92bc,credit_system_pricing,-1
c9296882-384d-412c-8e58-957195cc92bc,not_recommended,-1
3c1eacc4-9429-42dd-9619-c57482b04e65,video_generation_quality,-1
3c1eacc4-9429-42dd-9619-c57482b04e65,competes_with_other_ai,0
dc7fded7-a654-4300-b7fd-e6b9a718a827,_none,0
44fe9e7d-b523-49cf-8ef1-68eecfd97998,_none,0
6036a3d0-42e3-44c2-9cbb-aee97578ae08,extend_video_feature,-1
df1179eb-7773-414e-8a5c-b7db343472d8,app_vs_web_parity,-1
df1179eb-7773-414e-8a5c-b7db343472d8,login_authentication,1
c9618b19-2ca0-47f6-8372-aadbf3642f35,_none,0
e2800465-b5c7-44fc-9170-45da2a559b71,prompt_following,-1
12b3acf5-b943-4bc1-b470-7f6fe5e8583a,_none,0
cda7bb76-b41a-413e-8c9d-9fb75790ae09,ui_ux_design,-1
cda7bb76-b41a-413e-8c9d-9fb75790ae09,nostalgia_for_old_version,-1
f35930b1-1619-4d7d-b093-5131286420d8,crashes_errors,-1
f35930b1-1619-4d7d-b093-5131286420d8,app_vs_web_parity,-1
f35930b1-1619-4d7d-b093-5131286420d8,character_consistency,-1
f35930b1-1619-4d7d-b093-5131286420d8,model_selection,-1
0e960fcf-9dc1-4ece-af69-a1fd7ccd1cf4,regional_availability,-1
fd43d08b-11eb-444d-8ab3-fbd1b71e5ae3,loves_concept_overall,1
e03310f5-2654-4b47-8a72-8aa7d2b6cca9,watermark,-1
1b88e10d-f36a-4ec3-893d-c3fccba1a972,_none,0
4a3a9d35-0f1d-495e-9eae-5af466318ac7,ui_ux_design,1
4a3a9d35-0f1d-495e-9eae-5af466318ac7,crashes_errors,-1
4a3a9d35-0f1d-495e-9eae-5af466318ac7,app_vs_web_parity,-1
4a3a9d35-0f1d-495e-9eae-5af466318ac7,beta_patience,0
ae1f9bbf-4797-4971-a81e-e161d3024981,_none,0
519b2e62-8bf4-459a-bbe6-44c1d2f5bcfd,credit_system_pricing,-1
263b062f-e945-4748-97c7-8c66e03ae9c7,performance_speed,1
263b062f-e945-4748-97c7-8c66e03ae9c7,download_resolution,-1
263b062f-e945-4748-97c7-8c66e03ae9c7,ui_ux_design,-1
263b062f-e945-4748-97c7-8c66e03ae9c7,beta_patience,0
85ddbe22-95a9-4949-9d1f-43f7da2072db,_none,0
05d427a4-3acf-47a2-9418-d23a6d0d7947,performance_speed,1
05d427a4-3acf-47a2-9418-d23a6d0d7947,credit_system_pricing,1
05d427a4-3acf-47a2-9418-d23a6d0d7947,model_selection,1
e0907af3-f469-442b-8d62-f59c4966fed9,_none,0
d331f38f-8c64-4ed9-ade3-28dd4ef74635,prompt_following,-1
d331f38f-8c64-4ed9-ade3-28dd4ef74635,credit_system_pricing,-1
6539ebd5-a951-40fe-9615-182ed2b84310,_none,0
b43845fa-323a-4401-b946-a1a576862c25,_none,0
5492b2d1-ec13-4484-a607-ace833f04104,crashes_errors,-1
5492b2d1-ec13-4484-a607-ace833f04104,credit_system_pricing,-1
1c15ccab-8b9b-4f52-8fdf-8d72e0e2942d,_none,0
d8dc10a6-41e6-4528-a4de-8b2b4938419d,_none,0
e5b9882c-8dc9-4a5c-a036-9d941c780115,video_generation_quality,-1
3561d341-b58f-48b1-9de4-ef2d36a6ede3,_none,0
22d6ed4c-39c8-4569-a586-cab762fdcda0,for_content_creators,0
3353162e-4547-4fee-ae74-4d52e8f8a2ed,ui_ux_design,-1
3353162e-4547-4fee-ae74-4d52e8f8a2ed,regional_availability,-1
3353162e-4547-4fee-ae74-4d52e8f8a2ed,prompt_following,-1
3353162e-4547-4fee-ae74-4d52e8f8a2ed,character_consistency,-1
6b256b4c-dc41-419c-b746-f3f98cf42831,character_consistency,-1
584694d4-685e-4833-ac4a-1bd1140df9d7,loves_concept_overall,1
5a21b30d-b12f-4174-abf4-e34645de9eb0,_none,0
007684d5-97b9-44c8-a9be-bd3db18632c8,_none,0
50ac2f27-01c7-496d-9a0a-d79795a0d343,_none,0
85325f8d-c326-49af-a70f-ac3ee5db245c,login_authentication,-1
421ba831-75cd-4d90-bbd9-f3d53771c5a1,credit_system_pricing,-1
421ba831-75cd-4d90-bbd9-f3d53771c5a1,crashes_errors,-1
421ba831-75cd-4d90-bbd9-f3d53771c5a1,wasted_credits_on_failures,-1
b6de3b7a-3f66-4c4c-bc44-d2bf88df6028,_none,0
d8ea8495-23d1-4cb5-b6a7-e20ff433f584,regional_availability,-1
628a03f4-4d72-4dbb-99ae-2ae61ad44be1,character_consistency,-1
628a03f4-4d72-4dbb-99ae-2ae61ad44be1,video_generation_quality,-1
43e56a13-a9b8-4017-81f5-bbdfdd3f5d51,_none,0
235287c0-fa46-4849-83a6-5aac57509a88,_none,0
40b16ab1-807b-4d13-b056-2f6ed9c1d4ce,crashes_errors,-1
bc6ce467-becc-40b2-9921-8128fea2efa2,crashes_errors,-1
bc6ce467-becc-40b2-9921-8128fea2efa2,competes_with_other_ai,-1
bc6ce467-becc-40b2-9921-8128fea2efa2,not_recommended,-1
2d053b63-1638-49de-a26f-09950b327543,character_consistency,-1
2d053b63-1638-49de-a26f-09950b327543,nostalgia_for_old_version,-1
f7cd0b48-acce-4d9f-9401-17c19984f962,_none,0
c56f9ef2-d458-4ca0-b436-b95620056c48,loves_concept_overall,1
f2b4c056-38ed-4fe4-a7a6-47864e4a4ce9,credit_system_pricing,-1
f2b4c056-38ed-4fe4-a7a6-47864e4a4ce9,regional_availability,-1
6284dfc8-4f98-4759-b837-0ecd4f0ee336,download_resolution,-1
6284dfc8-4f98-4759-b837-0ecd4f0ee336,performance_speed,1
eb0e1b79-358b-4407-96b8-cb6afc7868d5,_none,0
3fdacc62-a5ea-4af7-9cbc-81bbbfa980e5,crashes_errors,-1
f33dd2ba-10be-4e37-9d33-6f34c13b214c,_none,0
53cc4816-ee5c-4c49-8cc9-0c12132fd730,_none,0
6037ab85-c24b-445a-83a5-edaeea55adc5,character_consistency,-1
90bb48ae-bd3e-4e88-9829-8596e09d6411,dislikes_concept_overall,-1
f1af1c78-dc2b-4c2c-8727-30e4e5cda4a7,_none,0
0050d1e3-f9ad-4ea6-a266-7af7a3bc743a,_none,0
91f3bd5f-6a7f-4c7b-8dc0-8b0d8097e470,credit_system_pricing,-1
91f3bd5f-6a7f-4c7b-8dc0-8b0d8097e470,wants_free_tier,0
3082c8a5-2646-4674-b930-b1f809cce23f,image_generation_quality,-1
3082c8a5-2646-4674-b930-b1f809cce23f,not_recommended,-1
730c69c3-dd19-426d-b1d9-9c1f933ec698,ui_ux_design,1
730c69c3-dd19-426d-b1d9-9c1f933ec698,credit_system_pricing,0
0ef6a7df-d5b2-49d3-890e-718a2e883070,performance_speed,-1
0ef6a7df-d5b2-49d3-890e-718a2e883070,app_vs_web_parity,-1
0ef6a7df-d5b2-49d3-890e-718a2e883070,ui_ux_design,-1
cd3b2778-b885-4e40-bf76-37ac6f018777,app_vs_web_parity,-1
cd3b2778-b885-4e40-bf76-37ac6f018777,beta_patience,0
d1a5fa97-4157-4ba9-9204-a89f18a24062,_none,0
86ae8466-4fa3-4605-8a93-9e144f71582f,download_export,-1
c3cdc36a-18ef-4176-b0c6-85ba293c7735,_none,0
eb5b026b-bc3a-4a11-ba4f-072b70864f92,video_generation_quality,1
eb5b026b-bc3a-4a11-ba4f-072b70864f92,extend_video_feature,-1
96d03e19-3332-429c-be68-17939f20d3f8,prompt_following,-1
96d03e19-3332-429c-be68-17939f20d3f8,character_consistency,-1
96d03e19-3332-429c-be68-17939f20d3f8,app_vs_web_parity,-1
96d03e19-3332-429c-be68-17939f20d3f8,credit_system_pricing,-1
b2f2aa15-c476-45e8-88fb-141a86963ae6,_none,0
d9275077-8306-47aa-8f92-9ffe318cfd4a,_none,0
e58b90a8-f1dc-492a-adad-24817a12a5ea,extend_video_feature,-1
e58b90a8-f1dc-492a-adad-24817a12a5ea,ui_ux_design,-1
e58b90a8-f1dc-492a-adad-24817a12a5ea,character_consistency,-1
e58b90a8-f1dc-492a-adad-24817a12a5ea,nostalgia_for_old_version,-1
4661ebcb-a659-4b21-932f-b08e791493d9,loves_concept_overall,1
02d3fd4d-7aa1-4f9e-93a4-c42f9f07e27e,credit_system_pricing,-1
02d3fd4d-7aa1-4f9e-93a4-c42f9f07e27e,for_content_creators,0
b9bfa584-c3c0-40ea-ac25-9ac2853c230b,loves_concept_overall,1
3388c71b-28d5-4aa9-be3b-412e4a9d8515,ui_ux_design,1
01296519-697f-4927-8d4a-39559adbe5fa,loves_concept_overall,1
0c07f2c0-a2cf-4a39-9f81-0878e976b38f,loves_concept_overall,1
205a6104-e551-4eee-82e7-d7e1202df08a,content_moderation,-1
e2bf90be-42e4-4bad-959a-be44bc863069,app_vs_web_parity,-1
ecad61b6-c6c5-4ad0-9a5f-b889a3569a74,crashes_errors,-1
bd94311a-299b-4298-b388-ba373460f03e,loves_concept_overall,1
585623f9-76c7-4c50-abec-2259097e7d6a,not_recommended,-1
475aeb0c-845a-4f85-87a5-1c29c1bbd1d3,video_generation_quality,-1
475aeb0c-845a-4f85-87a5-1c29c1bbd1d3,crashes_errors,-1
ed8668b0-d35d-4a93-b84b-e0982714fb35,loves_concept_overall,1
b5b06ead-c5ac-4a3f-9d6a-fc378cbbdf73,loves_concept_overall,1
78905220-9c36-48f0-95a7-d07f75164b79,_none,0
fd7bd8b8-81d6-4b7e-9a46-f51a6ae3c17d,_none,0
9cc09d1e-78aa-4a97-9288-2a4ff9ea3df5,_none,0
0962b5a3-729f-4bbe-8d6d-fba3b74b19b6,loves_concept_overall,1
28399765-8c1f-4268-a6b9-90ee5514352c,not_recommended,-1
28399765-8c1f-4268-a6b9-90ee5514352c,dislikes_concept_overall,-1
c30fa57a-a1c6-46ce-8d53-c5e83eb8c1a5,loves_concept_overall,1
f592a6f3-6c21-4ee9-9e1b-50dad8e5868b,_none,0
78264c36-7c69-467d-8208-403cbc5c6006,credit_system_pricing,-1
b8f70089-49fd-4f4f-bde1-60beedc15d24,prompt_following,-1
b8f70089-49fd-4f4f-bde1-60beedc15d24,character_consistency,-1
fe810d87-c7c5-4f7f-9479-448e498f37e7,loves_concept_overall,1
75306f2b-4f02-45b9-b64f-b81b17b28661,_none,0
92f897ee-f8d8-4c3c-b7e5-e9d8754a73c5,character_consistency,-1
118cc44c-8e1d-4fed-95b6-d917fac2d9e7,loves_concept_overall,1
4b8562d7-b3f6-4532-8939-1323d41226bc,download_export,-1
4b8562d7-b3f6-4532-8939-1323d41226bc,video_generation_quality,1
a2db21dd-c303-47ac-a085-38dd36ea711f,loves_concept_overall,1
748d027e-898e-4915-8953-19fceb0f1a93,_none,0
823189dd-78c2-4f98-ad2c-792fdb4ebcc4,loves_concept_overall,1
f87c0c33-36f2-4c69-b529-56856ffd690d,login_authentication,-1
e7bb08d3-756a-4679-80cd-ed91e4441b4d,model_selection,-1
e7bb08d3-756a-4679-80cd-ed91e4441b4d,credit_system_pricing,-1
94e2d1ed-cff7-4120-a130-7d5c83ae516b,prompt_following,0
94e2d1ed-cff7-4120-a130-7d5c83ae516b,beta_patience,0
efedf6b2-1096-43bd-83a8-05ec8eda54ab,character_consistency,-1
efedf6b2-1096-43bd-83a8-05ec8eda54ab,app_vs_web_parity,-1
a4a02957-631a-4877-bbea-3332637a8ea7,loves_concept_overall,1
288bbb6c-fbe6-4864-a58b-51974949dba6,_none,0
9d767818-afa0-4556-a46e-7c5e8cebf135,video_generation_quality,-1
9d767818-afa0-4556-a46e-7c5e8cebf135,prompt_following,-1
9d767818-afa0-4556-a46e-7c5e8cebf135,nostalgia_for_old_version,-1
687480db-1a8a-4547-8979-a75b4b9578ad,regional_availability,-1
a1bf7e36-64b5-455f-8fa7-8773e9e5a302,loves_concept_overall,1
5fbd7494-f8e9-451b-954b-931452262716,_none,0
2585c40f-c47e-4b3d-a071-ebd03bf99e7e,image_generation_quality,1
2585c40f-c47e-4b3d-a071-ebd03bf99e7e,credit_system_pricing,1
24559a66-a1d6-4b40-ba93-bd088d381a63,ui_ux_design,1
24559a66-a1d6-4b40-ba93-bd088d381a63,credit_system_pricing,1
24559a66-a1d6-4b40-ba93-bd088d381a63,recommends_to_others,1
24559a66-a1d6-4b40-ba93-bd088d381a63,loves_concept_overall,1
7ba4e497-2067-4b77-ad4b-e4948093c9a2,character_consistency,-1
7ba4e497-2067-4b77-ad4b-e4948093c9a2,prompt_following,-1
37f5baa8-1850-44b7-a7e7-18673c44bf1b,loves_concept_overall,1
7416bfc2-9fb6-4bda-ac8c-0eadf1694e29,prompt_following,-1
7416bfc2-9fb6-4bda-ac8c-0eadf1694e29,image_generation_quality,-1
a4a89344-42ed-4456-b11c-26f312bb3527,_none,0
b397aa90-4097-4578-8cef-1582a02313f8,recommends_to_others,1
e49783da-947f-462b-bca2-d9ce7e6779d8,credit_system_pricing,-1
052b04ad-ee5e-4d1b-83ba-45bb1fb8e04d,frame_to_frame_feature,-1
052b04ad-ee5e-4d1b-83ba-45bb1fb8e04d,character_consistency,-1
052b04ad-ee5e-4d1b-83ba-45bb1fb8e04d,app_vs_web_parity,-1
7146db00-6e56-4476-934a-a050d34aa7c1,competes_with_other_ai,-1
3e7af4f1-f295-4fc9-a95f-4f7c1393a382,frame_to_frame_feature,-1
3e7af4f1-f295-4fc9-a95f-4f7c1393a382,app_vs_web_parity,-1
e7e781df-f1bc-459d-9b53-2fb94dde5cc8,crashes_errors,-1
f0202cce-bf28-4c6e-8959-2b4953de1092,_none,0
3b1f91e5-2c35-49f6-9341-b97897169956,not_recommended,-1
c35691fe-8b29-4771-b404-9e721f9bd6e0,video_generation_quality,-1
c35691fe-8b29-4771-b404-9e721f9bd6e0,credit_system_pricing,-1
c35691fe-8b29-4771-b404-9e721f9bd6e0,crashes_errors,-1
c35691fe-8b29-4771-b404-9e721f9bd6e0,nostalgia_for_old_version,-1
c35691fe-8b29-4771-b404-9e721f9bd6e0,wasted_credits_on_failures,-1
e84e8bd1-f354-4e47-bffc-ae4dbd0c02b6,video_generation_quality,0
c6be4851-8ebc-4004-bad3-caac44d3abb3,loves_concept_overall,1
8aeb6029-738a-46f5-800b-fe5f31f3f713,crashes_errors,-1
bc2b9c64-6f91-47c5-ada4-38e184882944,video_generation_quality,1
56f80906-d956-4544-911e-aa3f164471ca,credit_system_pricing,0
56f80906-d956-4544-911e-aa3f164471ca,finally_mobile_companion,1
0c4cc856-bff6-4b6d-9446-ac203cf23728,_none,0
8c649cc9-fbe9-472c-966e-87d6c62c9304,_none,0
b812bf8b-98e4-4fe3-a61e-3019c5f14c3e,_none,0
bb3bf5ca-671f-41b5-9fb1-04b79b9f8a9f,loves_concept_overall,1
f7ba7cc0-869e-4488-95e1-ac4b93e51f28,_none,0
cf5e0c4c-0e77-4228-872f-383d8b6d9d19,credit_system_pricing,-1
cf5e0c4c-0e77-4228-872f-383d8b6d9d19,wasted_credits_on_failures,-1
3eb811fb-0662-4c02-8c03-ed830fe6f049,beta_patience,0
efeb13f4-da8e-4bb1-b85e-faeb457d7ec2,crashes_errors,-1
efeb13f4-da8e-4bb1-b85e-faeb457d7ec2,video_generation_quality,-1
429336ef-7399-4a48-8cdc-a1cf2fe99e08,app_vs_web_parity,-1
429336ef-7399-4a48-8cdc-a1cf2fe99e08,character_consistency,-1
429336ef-7399-4a48-8cdc-a1cf2fe99e08,download_export,-1
d0553403-fed8-4a2d-8b43-048df600182b,beta_patience,0
00f9e3ab-17a3-4261-b16a-81c628001b68,_none,0
8ca90259-f72b-4c8f-bc18-90264d7184ed,_none,0
9d72de59-2792-44fc-90c1-d26f3ceab6bc,_none,0
54b38b08-cbc1-4775-9e31-20c799757855,_none,0
8b496f38-4a74-47b1-8e55-8d797920aaa6,credit_system_pricing,1
db443fe2-f06e-4961-be8a-7a80320a9e48,_none,0
483c5a25-5d49-4945-91ad-95c7333b7d11,loves_concept_overall,1
4a6b0990-061c-4e00-aa8c-29be3827d866,performance_speed,-1
4a6b0990-061c-4e00-aa8c-29be3827d866,crashes_errors,-1
4a6b0990-061c-4e00-aa8c-29be3827d866,ui_ux_design,-1
ba91cf2c-3c50-4ab6-b744-ea772361550f,download_resolution,-1
ba91cf2c-3c50-4ab6-b744-ea772361550f,download_export,-1
ba91cf2c-3c50-4ab6-b744-ea772361550f,video_generation_quality,-1
2890048b-ec5b-4b34-91e0-ec8a93c17aaf,model_selection,-1
2890048b-ec5b-4b34-91e0-ec8a93c17aaf,prompt_following,-1
e3882c5d-7762-4441-bdba-9ecc84459041,_none,0
1c882149-ced0-4fcd-b723-b584d80afb08,_none,0
57b5936b-15c8-40ea-ae6e-cb29284a3b89,prompt_following,-1
57b5936b-15c8-40ea-ae6e-cb29284a3b89,video_generation_quality,-1
57b5936b-15c8-40ea-ae6e-cb29284a3b89,language_support,-1
ca7a6de9-d01e-4162-bb26-6dcbebbb4ab6,video_generation_quality,-1
4127f47c-dfb8-4851-a43d-93499d63a32d,character_consistency,-1
761e2ba5-b664-4118-8846-95dcb9df550a,_none,0
00e5c940-436e-4c22-be09-eff10b73da83,_none,0
8d962692-3691-4589-8ba8-f8789b6fe1d2,app_vs_web_parity,1
9a83866f-1546-4fac-8edd-c6e78fdc8506,performance_speed,-1
e32390d0-84b6-4154-a62e-6b856065ab7f,_none,0
b56ec38b-37a0-4cec-9231-eb71914512bc,credit_system_pricing,-1
b56ec38b-37a0-4cec-9231-eb71914512bc,video_generation_quality,-1
b56ec38b-37a0-4cec-9231-eb71914512bc,prompt_following,-1
b56ec38b-37a0-4cec-9231-eb71914512bc,wasted_credits_on_failures,-1
b7794730-a61d-4a2f-85c6-cd3e7d31b629,app_vs_web_parity,-1
c40ac5b4-b6d0-411e-8275-5d3b2c4bed41,loves_concept_overall,1
a016cfd6-2853-4c04-b519-176bcc3110c0,_none,0
1701c62c-72fe-41a5-be83-a7c6b3b021c7,loves_concept_overall,1
492dd104-de82-4c4d-b09d-f11e609a03c6,character_consistency,-1
85f030fc-3fb0-4045-80fd-81c6f8b9e97a,loves_concept_overall,1
4fa76f14-98d3-4126-a015-e5648f463926,_none,0
59c1fab9-892c-48ab-a46a-9686eaf51cfb,recommends_to_others,1
59c1fab9-892c-48ab-a46a-9686eaf51cfb,loves_concept_overall,1
8e80567d-0a8d-466b-91b6-e20b38a5acfc,for_personal_photos,1
4541dd9e-8db4-4fcc-abde-5cdffff47b4e,_none,0
93805ae8-73c2-4f44-8328-3028162529d6,download_export,-1
44b154c7-866d-4588-866c-1e5f21d53b76,_none,0
92bbc3fd-44b0-4fcf-ba96-dc45753047b0,loves_concept_overall,1
7f888d86-d506-4c14-b9bd-1ea8b5a2e2bf,_none,0
00fe8a6d-f804-479b-8f06-777c5f081a2c,crashes_errors,-1
00fe8a6d-f804-479b-8f06-777c5f081a2c,dislikes_concept_overall,-1
d2d375b4-ae83-47af-af7f-f4abf3b06bf0,_none,0
eca5750f-41cc-47d3-9b75-2abbf0cb3736,loves_concept_overall,1
869cdad2-d75a-4345-a87a-244d93c5abf0,loves_concept_overall,1
616e15e3-78e8-4d6f-afb6-4a7ab010bd98,_none,0
54034685-5274-463f-a1cb-9c98d9279f04,prompt_following,-1
54034685-5274-463f-a1cb-9c98d9279f04,app_vs_web_parity,-1
19620e52-237b-423c-9421-651263117d5f,_none,0
6be7eaca-aecf-4d1a-9f9b-621e7e72cfec,_none,0
1d58032f-fc3e-4f15-9389-0e06ecf1d6be,_none,0
04424d66-5537-4c37-bd78-45152563a52a,_none,0
d1e4b41e-94b6-485a-8737-c1d181389139,regional_availability,-1
b0aa4551-6748-4702-bde1-4ed6669df5ff,crashes_errors,-1
c97d6dc9-b257-4b45-8b41-6e5a19f7fdd5,login_authentication,-1
79806a17-fc02-4cfa-a2c3-2d890114f57d,competes_with_other_ai,0
36fc864a-4d7f-4340-af93-ed1ef86ca684,_none,0
4fffc973-778a-4a59-b647-e980f0c68d32,_none,0
2f1d3c11-7a19-40d2-addb-40111434be3f,loves_concept_overall,1
e7ccb914-5b7a-4af3-87e9-c848c82fb9cd,_none,0
af868fda-18cd-436b-8957-4e5ef469fe6d,loves_concept_overall,1
c23b314e-acec-438c-a39d-dba9b0f70327,loves_concept_overall,1
a5ebc7ab-962e-43d4-994e-c3bb25cdf233,_none,0
4f3586ff-5ba5-43b1-b7c7-0d861961a2bc,crashes_errors,-1
4f3586ff-5ba5-43b1-b7c7-0d861961a2bc,credit_system_pricing,-1
4f3586ff-5ba5-43b1-b7c7-0d861961a2bc,not_recommended,-1
d4116314-8da0-4b82-9bd9-f2f0270c7834,regional_availability,-1
1357b7e1-4de0-453c-bb32-3ac20e78b3b6,_none,0
6cf23b1d-a488-4266-b0f4-67a76c12472b,regional_availability,-1
58bd6cd8-925e-44eb-a53c-f1d4c110d73c,loves_concept_overall,1
adeace73-1836-409b-94eb-346e24c58fa9,_none,0
a41a0088-8690-4b02-9e7d-2dd6ace3be69,loves_concept_overall,1
d8688a9a-c949-4e5e-8a54-31342f14780c,crashes_errors,-1
73ca9c98-e368-41ea-8d51-7e3b52c89499,ui_ux_design,1
73ca9c98-e368-41ea-8d51-7e3b52c89499,download_resolution,-1
c6bc9570-3ddc-49c2-9e2d-daf31d364e88,_none,0
098fe74f-699b-4fe0-90cf-895b629b5622,nostalgia_for_old_version,-1
098fe74f-699b-4fe0-90cf-895b629b5622,dislikes_concept_overall,-1
0f6770c4-7444-44ec-9049-33f712940cee,extend_video_feature,-1
0f6770c4-7444-44ec-9049-33f712940cee,ui_ux_design,-1
0f6770c4-7444-44ec-9049-33f712940cee,download_export,-1
0f6770c4-7444-44ec-9049-33f712940cee,nostalgia_for_old_version,-1
0f6770c4-7444-44ec-9049-33f712940cee,for_content_creators,-1
2292ea7c-eaca-40c0-9204-0df366ac5f15,ui_ux_design,-1
95e37f55-c04a-4937-ad01-5c855a36c54f,_none,0
450c448e-2abc-4386-95e5-64abea1f1105,_none,0
156fe661-44d8-4f64-9504-856d7bcfaedb,_none,0
b1ff10bb-43d7-4c1e-bae7-8980d0603eb2,credit_system_pricing,-1
cbd8d969-3d24-49cd-8023-af3e30be69f8,performance_speed,-1
cbd8d969-3d24-49cd-8023-af3e30be69f8,prompt_following,-1
cbd8d969-3d24-49cd-8023-af3e30be69f8,crashes_errors,-1
cbd8d969-3d24-49cd-8023-af3e30be69f8,app_vs_web_parity,-1
be9d84e4-c07d-414f-ad38-0c310f519794,prompt_following,1
be9d84e4-c07d-414f-ad38-0c310f519794,character_consistency,1
be9d84e4-c07d-414f-ad38-0c310f519794,credit_system_pricing,1
a38474ab-fa00-49d0-a581-654113c6675e,_none,0
c37f6944-d4a0-470c-85f6-6e155f8ec037,loves_concept_overall,1
2aa028da-e570-48c2-b0c0-6909ff74e5b0,credit_system_pricing,0
2aa028da-e570-48c2-b0c0-6909ff74e5b0,wants_free_tier,0
b2e0c70c-e1b4-4f9e-9cc6-46fd4dbb6cc9,crashes_errors,-1
b2e0c70c-e1b4-4f9e-9cc6-46fd4dbb6cc9,video_generation_quality,-1
a0732be2-2a15-49f1-ba14-54ce29dc49cd,beta_patience,0
3cfebad5-0c7d-4484-a146-3d5904476a4f,crashes_errors,-1
3cfebad5-0c7d-4484-a146-3d5904476a4f,dislikes_concept_overall,-1
5030c3fd-194a-45be-bc31-dfcc853e01f3,extend_video_feature,-1
d3d01b88-f903-4240-abd2-64301ed1a1a6,_none,0
2030e47c-35f4-49a3-98c4-ea361e5fa126,video_generation_quality,-1
2030e47c-35f4-49a3-98c4-ea361e5fa126,prompt_following,-1
fbcf6d85-e588-47c4-a784-ab65e03e499c,_none,0
db8b4e6c-e3de-4df7-a4af-00eaafc9ca30,frame_to_frame_feature,-1
db8b4e6c-e3de-4df7-a4af-00eaafc9ca30,character_consistency,-1
b1cb6278-5942-4d29-bde4-2ce1e278bace,_none,0
e04ba21a-6106-4eb3-9f2c-c48d2e47a719,_none,0
0677a4da-92f6-4b67-9648-83d7ff7a1c28,credit_system_pricing,-1
8c856966-8be3-428c-ace1-9afb2a5e9f53,character_consistency,-1
8c856966-8be3-428c-ace1-9afb2a5e9f53,prompt_following,-1
8c856966-8be3-428c-ace1-9afb2a5e9f53,app_vs_web_parity,-1
8c856966-8be3-428c-ace1-9afb2a5e9f53,nostalgia_for_old_version,-1
de99bd99-0ef1-4436-825b-35b3508dfec5,_none,0
9bddb5a4-2da1-4cb6-90a2-ca3a6748c196,image_generation_quality,1
9bddb5a4-2da1-4cb6-90a2-ca3a6748c196,recommends_to_others,1
50558365-b7f9-492b-b9a7-86f19e8cdb42,video_generation_quality,-1
50558365-b7f9-492b-b9a7-86f19e8cdb42,performance_speed,-1
50558365-b7f9-492b-b9a7-86f19e8cdb42,nostalgia_for_old_version,-1
644bc9d1-8e88-448c-87be-1e23ce9cc32e,ui_ux_design,1
644bc9d1-8e88-448c-87be-1e23ce9cc32e,credit_system_pricing,1
2f00a687-3ca3-4e75-8f4a-5e0aed3063dc,crashes_errors,-1
48da5d2a-4f36-4b5f-9ba8-6957cf85c691,_none,0
878c4802-1d6c-4785-9842-e0c31cbf086b,app_vs_web_parity,-1
4c0b88a4-17cf-4b10-9538-0b8e2996ea47,loves_concept_overall,1
32b34f92-a106-4dee-b02a-914f07d8115d,ui_ux_design,-1
936ffbf7-7b2f-4660-9530-bb6be4c0ce38,_none,0
4980d0ab-3758-402f-bca1-69f1993bf7e6,_none,0
55f6364b-cec8-4c38-a93a-7c993167fa60,_none,0
230ca4c5-d9f9-4e8c-980a-06c39b23118f,_none,0
fb849070-7324-4964-a603-5c3f7ccbc3c9,crashes_errors,-1
fb849070-7324-4964-a603-5c3f7ccbc3c9,credit_system_pricing,-1
fb849070-7324-4964-a603-5c3f7ccbc3c9,wasted_credits_on_failures,-1
536f888b-ca83-41a7-b219-ffb39444c938,crashes_errors,-1
0024e401-85c2-4d05-9b56-73baa29070ee,ui_ux_design,-1
0024e401-85c2-4d05-9b56-73baa29070ee,nostalgia_for_old_version,-1
c0f973a7-358f-4164-a469-111ea1a3cf85,_none,0
e255d098-4849-44e7-839a-f2b2f7701eff,download_export,-1
9ea7b582-014b-4dd8-8ae0-e4e0c9637dbf,finally_mobile_companion,1
11bacde5-ef30-4775-adc9-59a72fb9474e,regional_availability,-1
2df1d6c3-8a02-425f-8998-3f168f5404be,_none,0
866cce6c-8e09-4d4b-a3c3-9030b93cfac8,performance_speed,-1
866cce6c-8e09-4d4b-a3c3-9030b93cfac8,beta_patience,0
aad46b80-6bd3-4a43-9235-bff4ee90d41b,video_generation_quality,-1
aad46b80-6bd3-4a43-9235-bff4ee90d41b,performance_speed,-1
aad46b80-6bd3-4a43-9235-bff4ee90d41b,crashes_errors,-1
aad46b80-6bd3-4a43-9235-bff4ee90d41b,nostalgia_for_old_version,-1
f4e800f1-f125-43d7-9e52-b812e0609188,_none,0
5d6246cb-6e89-4a83-8515-7b581dd19a51,crashes_errors,-1
3de9eb7e-bdf1-4584-9d73-0bc270901daf,_none,0
fe9e0cab-b535-4b63-a9fe-18ef40b466d2,app_vs_web_parity,-1
fe9e0cab-b535-4b63-a9fe-18ef40b466d2,crashes_errors,-1
fe9e0cab-b535-4b63-a9fe-18ef40b466d2,prompt_following,-1
fe9e0cab-b535-4b63-a9fe-18ef40b466d2,beta_patience,0
6a7939dd-18ce-4715-ba92-6d8844f34e4c,ui_ux_design,1
7c4f08da-b387-4c42-8d3b-091bfa019969,_none,0
dd25cf08-1f7f-40c3-99c2-43e1e779ca5f,nostalgia_for_old_version,-1
891c5100-d618-42e3-94fa-278606fc5cbf,ui_ux_design,-1
f692f433-f60a-42bf-b4e4-155adcc1a608,dislikes_concept_overall,-1
4f501887-41c5-4633-8f48-7ec08f207e9d,loves_concept_overall,1
3fb0b513-bb52-4dec-8914-7b12e41156a5,character_consistency,-1
3fb0b513-bb52-4dec-8914-7b12e41156a5,credit_system_pricing,-1
3fb0b513-bb52-4dec-8914-7b12e41156a5,wasted_credits_on_failures,-1
8d390333-ae85-4e4f-9f10-1fd461858ec5,app_vs_web_parity,-1
8d390333-ae85-4e4f-9f10-1fd461858ec5,crashes_errors,-1
8d390333-ae85-4e4f-9f10-1fd461858ec5,nostalgia_for_old_version,-1
74f9c24a-8686-4241-a9e0-b37132377d13,_none,0
fd67d207-ba7e-4058-9e6d-436327dd103f,prompt_following,-1
fd67d207-ba7e-4058-9e6d-436327dd103f,app_vs_web_parity,-1
fd67d207-ba7e-4058-9e6d-436327dd103f,for_content_creators,-1
7a397cfa-21db-47df-8239-84eac964abc1,image_generation_quality,-1
7a397cfa-21db-47df-8239-84eac964abc1,video_generation_quality,-1
a0991c94-ab2f-4856-9738-d38eb32f9539,_none,0
ba618f57-17ef-4a6a-be1c-2f791fa00042,prompt_following,-1
ba618f57-17ef-4a6a-be1c-2f791fa00042,credit_system_pricing,-1
ba618f57-17ef-4a6a-be1c-2f791fa00042,video_generation_quality,-1
1fbeeebb-b75f-4a58-a21f-a6e51c05e8ab,image_generation_quality,-1
1fbeeebb-b75f-4a58-a21f-a6e51c05e8ab,character_consistency,-1
8c0c3299-71fc-4e7d-ad01-324e98a794a4,loves_concept_overall,1
2605dfbf-d5e8-461b-9eb8-7ae5f9596b6c,crashes_errors,-1
2605dfbf-d5e8-461b-9eb8-7ae5f9596b6c,app_vs_web_parity,-1
ccfa8674-10a4-4fcb-912b-f06a7e30e2d0,video_generation_quality,-1
ccfa8674-10a4-4fcb-912b-f06a7e30e2d0,crashes_errors,-1
d7f58906-4f8b-4347-b038-a7c9198c5574,_none,0
f88cdd94-2dbd-431b-a8db-12c16b100114,credit_system_pricing,-1
f88cdd94-2dbd-431b-a8db-12c16b100114,wants_free_tier,0
750a2e81-55cb-4003-9985-45e957abbfd9,_none,0
e6a6a968-2cbe-405b-9116-56d6e8751caa,app_vs_web_parity,-1
e6a6a968-2cbe-405b-9116-56d6e8751caa,not_recommended,-1
fe200c6f-116f-43b0-8bb7-00479da3ca7a,regional_availability,-1
ee9c2bc9-6f0c-4e00-b17b-1329850f67c0,_none,0
e2a8a3a4-fe41-421d-98ce-9fe42ec0c3ff,_none,0
1bb16b90-5a7e-4aad-afc4-e8eb5f9827e1,_none,0
f7949d3e-5fe8-40ab-b665-6a215736924f,video_generation_quality,-1
f7949d3e-5fe8-40ab-b665-6a215736924f,crashes_errors,-1
1925e998-a284-4939-a166-5b310c621a37,video_generation_quality,-1
1925e998-a284-4939-a166-5b310c621a37,prompt_following,-1
1925e998-a284-4939-a166-5b310c621a37,character_consistency,-1
1925e998-a284-4939-a166-5b310c621a37,extend_video_feature,-1
1925e998-a284-4939-a166-5b310c621a37,finally_mobile_companion,1
20ec249c-2411-44a3-88ea-f0ec9f6b112d,dislikes_concept_overall,-1
1afd50fc-a3ec-44c8-b463-73ba7c58ac8e,extend_video_feature,-1
1afd50fc-a3ec-44c8-b463-73ba7c58ac8e,character_consistency,-1
9a393db5-1f49-41cb-b315-cead50bd9b19,extend_video_feature,-1
befe5185-927f-407b-9283-ec0ff6532a68,app_vs_web_parity,-1
befe5185-927f-407b-9283-ec0ff6532a68,language_support,-1
d3cc6e2d-6c77-45bc-94ec-58f3f1e1864e,image_generation_quality,-1
d3cc6e2d-6c77-45bc-94ec-58f3f1e1864e,download_resolution,-1
d3cc6e2d-6c77-45bc-94ec-58f3f1e1864e,app_vs_web_parity,-1
9283a682-7cae-4817-9444-4cc161e74781,_none,0
ae850604-2ead-45af-9388-6785300db21d,loves_concept_overall,1
2469fea3-159f-4b47-8855-28b4dbef40bf,_none,0
58b676d4-e1c2-4b63-b8c0-0b82a89fc56b,download_resolution,-1
84651b8f-11b0-47b3-9299-554a928cbe96,image_generation_quality,1
84651b8f-11b0-47b3-9299-554a928cbe96,credit_system_pricing,1
84651b8f-11b0-47b3-9299-554a928cbe96,for_personal_photos,1
84651b8f-11b0-47b3-9299-554a928cbe96,wants_free_tier,0
8de9be96-cf51-4702-b70b-cf1b979817b3,_none,0
338f74f8-879d-4127-afa7-f6f20bff7770,crashes_errors,-1
206fcf6a-ce26-4486-8028-7e1147b50dae,regional_availability,-1
4917f3fc-0e7b-4839-a147-5b5ad16fac76,_none,0
4a2d76d6-2e46-4898-b483-aa45b220e610,download_resolution,-1
4a2d76d6-2e46-4898-b483-aa45b220e610,character_consistency,-1
4a2d76d6-2e46-4898-b483-aa45b220e610,app_vs_web_parity,-1
4a2d76d6-2e46-4898-b483-aa45b220e610,prompt_following,-1
bcfa266c-1439-4a80-9062-6a8688ca56df,for_content_creators,1
d0d40b2d-250d-49a4-afff-2dfacfc1e803,_none,0
68e5c4a1-3afa-40d8-8777-fc04e75070b9,loves_concept_overall,1
ab3866ac-a1b7-4f1d-8b45-c6e359fd399e,image_generation_quality,1
ab3866ac-a1b7-4f1d-8b45-c6e359fd399e,video_generation_quality,-1
ab3866ac-a1b7-4f1d-8b45-c6e359fd399e,prompt_following,-1
25b7a161-a6bd-4887-88ae-ed9649a26458,language_support,-1
b63cb263-07f5-4448-a70d-a3e8ef732ff5,_none,0
5e338209-4e76-4d0c-8990-7f38f1a8a937,image_generation_quality,-1
5e338209-4e76-4d0c-8990-7f38f1a8a937,prompt_following,-1
5e338209-4e76-4d0c-8990-7f38f1a8a937,content_moderation,-1
5e338209-4e76-4d0c-8990-7f38f1a8a937,app_vs_web_parity,-1
02f621f4-7b83-441d-ac99-2e4432325f32,_none,0
511d2831-5d25-4513-ac69-a567a92f1ba5,image_generation_quality,1
511d2831-5d25-4513-ac69-a567a92f1ba5,video_generation_quality,-1
511d2831-5d25-4513-ac69-a567a92f1ba5,crashes_errors,-1
511d2831-5d25-4513-ac69-a567a92f1ba5,voice_audio_quality,-1
2094c5c9-cb43-4eed-a329-bdca4898f1b0,regional_availability,-1
808caa7c-4369-427e-97c7-3565384c5fdc,download_export,-1
f370cd23-5b71-408d-a148-52ad2fa711d3,video_generation_quality,-1
f370cd23-5b71-408d-a148-52ad2fa711d3,character_consistency,-1
f370cd23-5b71-408d-a148-52ad2fa711d3,app_vs_web_parity,-1
7fe7c1c6-c165-4b4a-b993-4b127d7ab8ec,crashes_errors,-1
173fb3df-0937-4cd7-bb0c-3110bdd2d08d,_none,0
ad7b91a4-9b2c-49a9-967c-aca483d6985e,crashes_errors,-1
88b4a179-80bf-45af-9bb1-24cb6a14360a,loves_concept_overall,1
aa313e1b-f2ed-4694-9efb-aea055bb0369,model_selection,1
d64721f0-287b-4421-a535-9df1de4d8513,_none,0
d2373f20-5da5-4505-9e7f-967eaeb48050,video_generation_quality,-1
d2373f20-5da5-4505-9e7f-967eaeb48050,not_recommended,-1
912a3bb1-4856-49f4-803c-e7054531d6e0,_none,0
969dded6-4683-4ad8-84ae-7b584179c749,_none,0
f7736522-81e3-488b-a13f-56a9134722c3,loves_concept_overall,1
629e9ad6-eefc-44cd-9da9-629ffb53294b,crashes_errors,-1
629e9ad6-eefc-44cd-9da9-629ffb53294b,regional_availability,-1
629e9ad6-eefc-44cd-9da9-629ffb53294b,login_authentication,-1
629e9ad6-eefc-44cd-9da9-629ffb53294b,for_content_creators,0
629e9ad6-eefc-44cd-9da9-629ffb53294b,for_personal_photos,1
4dfe623c-de94-466d-99e5-038661388013,character_consistency,-1
4dfe623c-de94-466d-99e5-038661388013,credit_system_pricing,-1
4dfe623c-de94-466d-99e5-038661388013,model_selection,-1
4dfe623c-de94-466d-99e5-038661388013,not_recommended,-1
c9576fbe-21f7-46f0-9a7a-e2b578e9db90,performance_speed,-1
c9576fbe-21f7-46f0-9a7a-e2b578e9db90,competes_with_other_ai,0
6f26333b-afdf-420d-908c-a502b87a804d,character_consistency,-1
201c603e-53cb-49ae-a6b2-6ef917219e92,_none,0
a2676904-d998-4dee-99a7-a41ee0f56152,performance_speed,-1
937eba9f-b6c9-48fd-bc3c-d1b2ce6f8b12,crashes_errors,-1
937eba9f-b6c9-48fd-bc3c-d1b2ce6f8b12,app_vs_web_parity,-1
c6751549-ac0e-4aa1-925a-710686bbe705,loves_concept_overall,1
7f53464c-ef1f-47c4-b5b5-8e121c263fbe,_none,0
79b0f9ed-0c56-452d-841d-810273edd1ee,ui_ux_design,1
88678723-9619-4252-9c9d-85f22b8afd2a,_none,0
04af4e94-b068-41f2-adb2-d497bc4eea96,credit_system_pricing,-1
04af4e94-b068-41f2-adb2-d497bc4eea96,wants_free_tier,0
4efdb149-735f-4af1-80fe-ffaed294bc83,crashes_errors,-1
4efdb149-735f-4af1-80fe-ffaed294bc83,beta_patience,0
411b5a77-5d75-4e57-8422-42a0b1067bbb,_none,0
3a9efc8f-b6f0-40b8-8e54-898f75c795fa,ui_ux_design,1
3a9efc8f-b6f0-40b8-8e54-898f75c795fa,image_generation_quality,1
3a9efc8f-b6f0-40b8-8e54-898f75c795fa,video_generation_quality,1
3a9efc8f-b6f0-40b8-8e54-898f75c795fa,prompt_following,1
3a9efc8f-b6f0-40b8-8e54-898f75c795fa,performance_speed,1
3a9efc8f-b6f0-40b8-8e54-898f75c795fa,crashes_errors,-1
3a9efc8f-b6f0-40b8-8e54-898f75c795fa,for_content_creators,1
3a9efc8f-b6f0-40b8-8e54-898f75c795fa,beta_patience,0
1995f9ad-46f0-42d1-b057-84b0f1fa2dc2,download_resolution,-1
1995f9ad-46f0-42d1-b057-84b0f1fa2dc2,app_vs_web_parity,-1
1995f9ad-46f0-42d1-b057-84b0f1fa2dc2,finally_mobile_companion,1
1995f9ad-46f0-42d1-b057-84b0f1fa2dc2,beta_patience,0
c8ed837d-2c38-451c-9caa-daa454dde8bb,character_consistency,-1
f1749f90-7efa-441e-964b-04848155e90f,download_resolution,-1
f1749f90-7efa-441e-964b-04848155e90f,app_vs_web_parity,-1
039ceadd-ff13-48df-a9b2-6b31eed92937,app_vs_web_parity,-1
bf7539f0-be8f-4b8a-9628-34bedacb5eff,video_generation_quality,-1
bf7539f0-be8f-4b8a-9628-34bedacb5eff,download_export,-1
bf7539f0-be8f-4b8a-9628-34bedacb5eff,beta_patience,0
885a2b31-a56e-4797-bb47-fc6ca132c51c,extend_video_feature,-1
885a2b31-a56e-4797-bb47-fc6ca132c51c,prompt_following,-1
885a2b31-a56e-4797-bb47-fc6ca132c51c,app_vs_web_parity,-1
885a2b31-a56e-4797-bb47-fc6ca132c51c,language_support,-1
18ee7eda-9d63-486f-a171-48471f7d9c64,ui_ux_design,1
18ee7eda-9d63-486f-a171-48471f7d9c64,credit_system_pricing,1
b9b0b78b-a674-41b9-b602-4dc718ea53e9,_none,0
8a533f41-9fe1-4f97-8916-da3c536adc20,_none,0
598423fb-338d-48fe-8f16-8eae20499817,prompt_following,-1
598423fb-338d-48fe-8f16-8eae20499817,dislikes_concept_overall,-1
b9ca02c5-bb0d-4fbc-8dca-7b97045f9c71,loves_concept_overall,1
308f4e38-897e-44ca-b713-8f3ab1006f01,extend_video_feature,-1
8e5ca9c6-4f16-477f-8a54-fe55749de16b,download_resolution,-1
aa55143c-7a8c-4cc1-bf76-d5833ca51ef0,download_export,-1
2bed777a-8dd3-4969-9ddb-e5571ef2716e,extend_video_feature,-1
7086ad5e-b2c6-4101-ae59-052b18f6ee94,frame_to_frame_feature,-1
7086ad5e-b2c6-4101-ae59-052b18f6ee94,ingredients_feature,-1
7086ad5e-b2c6-4101-ae59-052b18f6ee94,app_vs_web_parity,-1
7c5f54e3-18bb-42c9-b229-1f01f5c76ade,_none,0
c5c92a3e-963a-45a0-bc8c-9a69917ae1bd,recommends_to_others,1
28a1600b-105d-461f-be26-c21b04306685,ui_ux_design,0
28a1600b-105d-461f-be26-c21b04306685,performance_speed,-1
28a1600b-105d-461f-be26-c21b04306685,beta_patience,0
bfe3d064-c4cf-406a-aa7a-fdce7c77bda8,_none,0
e8f3d3e0-37ea-4389-b39b-2db1481236a7,video_generation_quality,1
e70ce124-8ea7-461f-b58e-f1117ada29cf,video_generation_quality,1
e70ce124-8ea7-461f-b58e-f1117ada29cf,loves_concept_overall,1
1f98a1c3-ba7d-4589-847d-b827c41b69e1,content_moderation,-1
192da63f-79a4-4d5d-9f60-1dbda13ca671,_none,0
865d1a38-51aa-4ce1-bdb2-d4ad5d813922,_none,0
befc3253-752a-492f-819a-82adefe1beef,_none,0
3d16d93b-68ba-4b34-89ea-e75cfc194955,ui_ux_design,1
3d16d93b-68ba-4b34-89ea-e75cfc194955,performance_speed,1
3d16d93b-68ba-4b34-89ea-e75cfc194955,image_generation_quality,-1
19b514fa-49af-46cd-9f58-34ec7edaf187,performance_speed,1
f24a8caf-4645-497f-8001-03708d5a100d,ui_ux_design,0
f24a8caf-4645-497f-8001-03708d5a100d,image_generation_quality,-1
f24a8caf-4645-497f-8001-03708d5a100d,crashes_errors,-1
4558aeb9-2b47-4645-94fe-e7a8ddbb3cad,performance_speed,-1
4558aeb9-2b47-4645-94fe-e7a8ddbb3cad,ui_ux_design,-1
8855ddbe-772e-40ac-bdee-8919d0c15f19,character_consistency,-1
81483991-c2ba-4093-a6c4-0f59e4a97d1b,prompt_following,1
81483991-c2ba-4093-a6c4-0f59e4a97d1b,video_generation_quality,1
50551e56-36cd-47e3-b10b-8267df20bcc5,credit_system_pricing,-1
50551e56-36cd-47e3-b10b-8267df20bcc5,wants_free_tier,0
58273194-0a65-4e84-a86b-166c54e29cc6,download_export,-1
a59e3c19-fc6e-4c14-8699-c73e3a1c793d,recommends_to_others,1
147bc933-6217-4559-8b7f-9993af81a466,download_export,-1
4d517a02-dd8d-4140-a7fe-995a91a6342b,_none,0
d85e007d-bd78-40a8-8ba8-627a2c12df8b,video_generation_quality,-1
66922db7-b93c-45f4-a265-3012c9b44c27,extend_video_feature,-1
66922db7-b93c-45f4-a265-3012c9b44c27,nostalgia_for_old_version,-1
8e8110e3-d5e0-4b59-8690-5879db7802c9,_none,0
613f4526-199f-447b-86f4-e40865241742,_none,0
3a5094ef-0e3f-4b7b-8c82-069eb57e8321,prompt_following,-1
3a5094ef-0e3f-4b7b-8c82-069eb57e8321,character_consistency,-1
6b197620-36cc-4fb1-b9e1-13b543f11143,download_resolution,-1
6b197620-36cc-4fb1-b9e1-13b543f11143,app_vs_web_parity,-1
f044278b-b7b2-4bff-9171-b7b6b992b2e4,ingredients_feature,-1
f044278b-b7b2-4bff-9171-b7b6b992b2e4,app_vs_web_parity,-1
1dbba4cf-97e3-463b-bce6-fd6a2b677333,loves_concept_overall,1
369ba259-48b1-49bb-8763-26d9c0e02763,credit_system_pricing,-1
8286a443-6eb9-4eb8-ad47-ba8e5f45f5b2,app_vs_web_parity,1
8286a443-6eb9-4eb8-ad47-ba8e5f45f5b2,recommends_to_others,1
b1816ac7-49ed-4c3a-827d-e057b329beab,video_generation_quality,-1
3d165570-590f-45de-b7ad-bbc2cdbc4bd4,_none,0
b553550e-70ad-4c1a-a570-c574914003b2,for_content_creators,0
b553550e-70ad-4c1a-a570-c574914003b2,not_recommended,-1
4de2c143-8593-4b7e-a8df-a414d49444f6,frame_to_frame_feature,-1
553ec04f-3465-43b7-ac2d-bfc57c88b4d6,ui_ux_design,1
553ec04f-3465-43b7-ac2d-bfc57c88b4d6,video_generation_quality,1
553ec04f-3465-43b7-ac2d-bfc57c88b4d6,performance_speed,1
553ec04f-3465-43b7-ac2d-bfc57c88b4d6,for_content_creators,1
553ec04f-3465-43b7-ac2d-bfc57c88b4d6,beta_patience,0
553ec04f-3465-43b7-ac2d-bfc57c88b4d6,competes_with_other_ai,0
b28f7385-42bf-498b-b9ac-0545186d7197,frame_to_frame_feature,-1
78c00428-90e6-43e6-af1d-bb860ce45ea0,performance_speed,1
8656252f-e8ba-40c6-99a2-73446f2bbb9a,recommends_to_others,1
03ad05f3-471f-4ff2-9b54-40647ba8080f,app_vs_web_parity,1
03ad05f3-471f-4ff2-9b54-40647ba8080f,finally_mobile_companion,1
0b94da9d-c941-403a-91e6-e639efdd6e2a,prompt_following,-1
0b94da9d-c941-403a-91e6-e639efdd6e2a,credit_system_pricing,0
7e5c5310-d47a-46da-bbdc-c958f943a8b6,nostalgia_for_old_version,-1
d8c6914a-b600-4053-9e36-fc13978178f5,ui_ux_design,1
f2fee503-3f9c-4754-a471-da4234df854a,competes_with_other_ai,0
aee157ab-6722-4da5-a37a-06ac2f33c91f,_none,0
4f47c43b-1850-4891-b460-c8693b11187e,_none,0
c767dbbc-4b2c-4149-a75e-0df84a7b63a8,content_moderation,-1
66363aa7-a90a-43a9-b1fa-7d385cae8815,_none,0
d692fbf4-748c-462d-b952-01c12b69c200,app_vs_web_parity,-1
d692fbf4-748c-462d-b952-01c12b69c200,ui_ux_design,-1
15f5bc07-8bae-4ef2-8f69-05a31f81750b,_none,0
94397473-16df-4a5f-8c1d-06e704d8a673,app_vs_web_parity,1
94397473-16df-4a5f-8c1d-06e704d8a673,ui_ux_design,1
6f1f82e1-e1ed-457f-ab21-e9a7048c95dd,model_selection,1
6f1f82e1-e1ed-457f-ab21-e9a7048c95dd,image_generation_quality,1
6f9756cb-b5e5-45d9-a602-df0668623592,_none,0
c9004230-ce32-49e5-87a9-a32fb5c87df0,extend_video_feature,-1
20645e0a-d91d-42bd-84da-f2b977f2bd2f,ui_ux_design,1
70df744b-18db-4c81-bbdf-e1f755932e03,_none,0
62067616-0815-4126-8ccc-d73c0cb44228,ui_ux_design,-1
62067616-0815-4126-8ccc-d73c0cb44228,app_vs_web_parity,-1
b98bf933-0b94-4ef6-bde2-7f569b727362,image_generation_quality,1
b98bf933-0b94-4ef6-bde2-7f569b727362,credit_system_pricing,1
95c9259d-aaf2-4cc5-9e39-17d9eb76a13e,_none,0
f6b9372e-7b92-4562-be3a-0307e9e874ae,_none,0
02e7ebfe-9e85-417f-ba93-cc17925a5828,app_vs_web_parity,-1
f4b5b721-07aa-4974-bc43-8a9340496a04,app_vs_web_parity,-1
f4b5b721-07aa-4974-bc43-8a9340496a04,download_resolution,-1
f4b5b721-07aa-4974-bc43-8a9340496a04,image_generation_quality,-1
f4b5b721-07aa-4974-bc43-8a9340496a04,competes_with_other_ai,0
893f9e4a-2c97-46f4-83db-481b258fc3d8,extend_video_feature,-1
893f9e4a-2c97-46f4-83db-481b258fc3d8,download_export,-1
893f9e4a-2c97-46f4-83db-481b258fc3d8,app_vs_web_parity,-1
069bea15-abb6-4c6e-aa95-4291b9e7ab2c,credit_system_pricing,1
fd960781-5b74-4f9f-ad89-2d004b5c097f,loves_concept_overall,1
ef77738a-30f9-4845-b945-4a15dc8b711a,extend_video_feature,-1
ef77738a-30f9-4845-b945-4a15dc8b711a,download_export,-1
f7c66121-5e07-4138-8938-564e342a933f,_none,0
366d3e9b-80bf-4ebf-9918-133f1236a24f,video_generation_quality,1
366d3e9b-80bf-4ebf-9918-133f1236a24f,loves_concept_overall,1
652d6237-950d-4f80-ba35-1653a15f00db,prompt_following,-1
652d6237-950d-4f80-ba35-1653a15f00db,character_consistency,-1
652d6237-950d-4f80-ba35-1653a15f00db,credit_system_pricing,-1
652d6237-950d-4f80-ba35-1653a15f00db,crashes_errors,-1
652d6237-950d-4f80-ba35-1653a15f00db,wasted_credits_on_failures,-1
43245575-dcac-41d7-a9c1-f0d93334b307,_none,0
e5be3fb3-8547-45be-9a77-346c38965fb6,video_generation_quality,-1
e5be3fb3-8547-45be-9a77-346c38965fb6,character_consistency,-1
bb682ee7-4728-446a-b98c-32863bc1e153,_none,0
8fbfb705-875d-4385-8c69-071f0d5c2330,credit_system_pricing,-1
8fbfb705-875d-4385-8c69-071f0d5c2330,video_generation_quality,1
2fdcd83d-8be6-4571-a2b2-e36a548de72a,video_generation_quality,-1
995e307b-a997-4a7d-98e4-cf20f390c2f3,image_generation_quality,1
995e307b-a997-4a7d-98e4-cf20f390c2f3,watermark,-1
b04b7872-8394-410f-8c30-584e8ccadbef,loves_concept_overall,1
fc7bcda0-f37c-47e2-a096-046b8b3da086,credit_system_pricing,0
fc7bcda0-f37c-47e2-a096-046b8b3da086,wants_free_tier,0
b0fddf88-1ed3-44f5-bbd3-199129f9f5ac,performance_speed,-1
b0fddf88-1ed3-44f5-bbd3-199129f9f5ac,nostalgia_for_old_version,-1
62287050-b658-4b9c-ba80-6960faf3b5ab,crashes_errors,-1
62287050-b658-4b9c-ba80-6960faf3b5ab,login_authentication,-1
32762c00-a8b6-4633-ba73-cf10e8b99806,crashes_errors,-1
32762c00-a8b6-4633-ba73-cf10e8b99806,ui_ux_design,-1
0af8aca5-7597-49ed-b3d4-543adc9fedcc,character_consistency,-1
0af8aca5-7597-49ed-b3d4-543adc9fedcc,app_vs_web_parity,-1
a564c34f-77ec-42db-95c5-5ac2a8dd3218,loves_concept_overall,1
40060b5a-80b1-42b0-b8d7-c1fc5296b137,_none,0
172591e5-98ef-4b4e-bb89-f5bc0b135dd3,crashes_errors,-1
9d6d3a6a-b36c-4e00-8670-eb8d0f7a07ff,prompt_following,1
ddc8139b-50e8-4738-a8a8-a389d01063a4,_none,0
12c6a0f7-d10b-44ea-97c4-113a0e13f701,crashes_errors,-1
37966a9e-fd7b-410a-aa23-1f0cf4b102dd,_none,0
2c09a588-a4c0-4a52-b033-f9ee37b46d7a,app_vs_web_parity,-1
2c09a588-a4c0-4a52-b033-f9ee37b46d7a,character_consistency,-1
c471a185-5a20-4edd-8a9b-a5de7638fdc0,download_resolution,-1
913e41f8-6c24-4570-91cf-dcb3ec30d300,_none,0
f8b35f9f-4ddb-4e44-9a1d-0b2a8266733c,frame_to_frame_feature,-1
aa93a44e-a928-4701-ace4-b50b4db249af,video_generation_quality,-1
aa93a44e-a928-4701-ace4-b50b4db249af,crashes_errors,-1
0444525a-eb8b-483c-8a9f-1a6e2e2b01f6,_none,0
e796270f-8e5f-4f31-848a-47ba49c30496,regional_availability,-1
40271344-4d7e-4896-ba7a-5b484811b486,video_generation_quality,1
40271344-4d7e-4896-ba7a-5b484811b486,extend_video_feature,-1
40271344-4d7e-4896-ba7a-5b484811b486,frame_to_frame_feature,-1
b597ec57-18b4-46de-a74c-24d2b5adc77e,loves_concept_overall,1
fdb46b7b-8599-4358-846b-07edc8e656e7,model_selection,-1
cb77ea65-a26f-4061-871a-647d1f0fa1ba,app_vs_web_parity,-1
6670cdcb-beda-4652-b117-55c9995c3df3,frame_to_frame_feature,-1
7d5d01d1-6884-4a2c-92d3-5017aae8d34f,crashes_errors,-1
7d5d01d1-6884-4a2c-92d3-5017aae8d34f,video_generation_quality,-1
a7828258-0570-4cd2-87f8-208f91f8c8ee,credit_system_pricing,-1
a7828258-0570-4cd2-87f8-208f91f8c8ee,crashes_errors,-1
a7828258-0570-4cd2-87f8-208f91f8c8ee,wasted_credits_on_failures,-1
c2e2b7ce-12da-42a5-a537-496c5acb8a27,_none,0
309dab82-c76d-447f-81ea-14d3f36cf918,app_vs_web_parity,1
309dab82-c76d-447f-81ea-14d3f36cf918,ui_ux_design,1
46754dfa-c918-47c0-9a29-ff9c598b2469,character_consistency,-1
fcf7b582-f6c4-484b-80ce-e6cd4e57a26f,_none,0
49a0e966-5932-44c7-97a8-f35481c62021,crashes_errors,-1
49a0e966-5932-44c7-97a8-f35481c62021,dislikes_concept_overall,-1
7784f51f-2170-46fd-ada3-f3e0bae1bb51,finally_mobile_companion,1
426973db-6603-4a24-8d1e-a4d0066ed8df,video_generation_quality,1
426973db-6603-4a24-8d1e-a4d0066ed8df,image_generation_quality,1
a70c48b8-0045-4bc9-8323-69393b19644c,model_selection,-1
a70c48b8-0045-4bc9-8323-69393b19644c,video_generation_quality,-1
a70c48b8-0045-4bc9-8323-69393b19644c,app_vs_web_parity,-1
dcf07081-241d-45f6-98de-e8ce77c2ba86,finally_mobile_companion,1
a01fa91c-ea7c-4574-ac00-061626283e44,content_moderation,-1
a01fa91c-ea7c-4574-ac00-061626283e44,finally_mobile_companion,1
0d2758eb-e979-4a75-9f5a-b1c3d94b9311,_none,0
ec4d6536-93f5-4c65-b789-a6a92382d782,login_authentication,-1
eaca1c40-ecc0-4520-a770-7e5118e4c1cb,ingredients_feature,-1
7c4ac33b-0b9d-47fe-9c40-48cc45d7ca89,ui_ux_design,-1
7c4ac33b-0b9d-47fe-9c40-48cc45d7ca89,performance_speed,-1
7c4ac33b-0b9d-47fe-9c40-48cc45d7ca89,app_vs_web_parity,-1
ba74850e-4918-48e1-93a8-36e65a179c61,app_vs_web_parity,-1
ba74850e-4918-48e1-93a8-36e65a179c61,ui_ux_design,-1
78289dfd-5988-41be-8fd4-323175508bf1,finally_mobile_companion,1
11d50a75-a84c-4be2-9613-f5e061702286,image_generation_quality,-1
11d50a75-a84c-4be2-9613-f5e061702286,app_vs_web_parity,-1
e7523676-88b8-465d-923e-5232b3cedc5f,credit_system_pricing,1
e7523676-88b8-465d-923e-5232b3cedc5f,finally_mobile_companion,1
e7523676-88b8-465d-923e-5232b3cedc5f,wants_free_tier,0
818cd60b-f541-4c39-a5eb-4d71a3c7db14,_none,0
e7804d42-fd2e-4725-b2b0-76236214cdfc,app_vs_web_parity,1
cf0b46a3-2d4b-43b3-9c71-e974b6b3d542,_none,0
